image_name,confidence,model_used,inference_time,energy_uJ,histogram
7d06fefd-f7be05a6.jpg,0.5511872172355652,yolo_s,0.5135452747344971,10706943.0,0.00002930 0.00024740 0.00224826 0.00555122 0.01482856 0.03895508 0.05839301 0.05020182 0.04795356 0.03878147 0.02311306 0.01791884 0.01585829 0.01591146 0.01690864 0.01345161 0.01439128 0.02482856 0.03316623 0.01645616 0.01268663 0.01127604 0.01007487 0.00967448 0.00946832 0.00924262 0.00942057 0.01028212 0.01818142 0.02280273 0.02802300 0.02427626 0.02233507 0.02336589 0.02106120 0.02504340 0.02082031 0.02252279 0.02107856 0.01646918 0.01392795 0.01183594 0.00996745 0.00787109 0.00750326 0.00736871 0.00683594 0.00629557 0.00637587 0.00586480 0.00626194 0.00651476 0.00664714 0.00663520 0.00749023 0.01030599 0.01457140 0.01463325 0.01246853 0.00969944 0.00758464 0.00622179 0.00549696 0.00432292
7d128593-0ccfea4c.jpg,0.6972341537475586,yolo_s,0.22529125213623047,4865344.0,0.00476888 0.00633898 0.01137695 0.02216254 0.01837782 0.01772678 0.02331597 0.03464735 0.04565104 0.04541233 0.04735894 0.03961372 0.03882921 0.03842122 0.03360135 0.02824219 0.02080946 0.01826931 0.01638997 0.01542101 0.01413737 0.01240126 0.00940972 0.00903103 0.00834418 0.00929253 0.01218641 0.01718207 0.02550998 0.02731879 0.03208116 0.03370877 0.03880859 0.03358073 0.02145616 0.02261610 0.01880100 0.01639540 0.01369575 0.00922960 0.00732530 0.00623698 0.00585286 0.00362522 0.00222765 0.00115343 0.00092990 0.00093424 0.00091905 0.00128472 0.00154514 0.00197808 0.00219510 0.00303602 0.00304253 0.00326063 0.00351128 0.00434136 0.00578776 0.00519206 0.00455729 0.00309028 0.00378255 0.01226888
7d15b18b-1e0d6e3f.jpg,0.6255534291267395,yolo_s,0.3480520248413086,6686567.0,0.02675347 0.02367947 0.00909939 0.00647786 0.00833225 0.02360786 0.03727431 0.04798503 0.03580512 0.04164822 0.03681858 0.03571615 0.03954210 0.04095703 0.04076931 0.04138021 0.04584527 0.03940972 0.05188260 0.03894314 0.02175239 0.01753255 0.01760308 0.01499023 0.01227648 0.01297743 0.01175130 0.01282444 0.01192708 0.01272461 0.01218859 0.01151367 0.01562609 0.01153103 0.00969401 0.00727756 0.00597222 0.00547418 0.00525608 0.00539388 0.00387912 0.00387478 0.00338108 0.00351563 0.00314670 0.00322266 0.00357422 0.00377170 0.00556532 0.00627170 0.00786458 0.00727865 0.00587674 0.00574327 0.00655816 0.00863607 0.00332574 0.00335286 0.00067057 0.00057509 0.00048828 0.00041450 0.00043294 0.00036567
7d209219-ccdc1a09.jpg,0.6554812788963318,yolo_s,0.36356163024902344,7819743.0,0.00000109 0.00005100 0.00012044 0.00046007 0.00194553 0.00390191 0.00926215 0.01333008 0.01235786 0.01736762 0.01607964 0.01668837 0.01499023 0.01364909 0.01450955 0.01505751 0.02108832 0.02895508 0.05274740 0.06038628 0.05882270 0.05315864 0.04197917 0.03330187 0.02419922 0.02621419 0.02084310 0.02436089 0.02039714 0.01863173 0.01982422 0.01666667 0.01983507 0.01602431 0.01905056 0.01681641 0.01728190 0.01703234 0.01482964 0.01528212 0.01206163 0.01353841 0.01146484 0.01307400 0.01082574 0.01093424 0.01083225 0.00972114 0.00974175 0.00834201 0.00943468 0.00790799 0.00924913 0.01204536 0.01171441 0.01015625 0.00701172 0.00472222 0.00205729 0.00163194 0.00127279 0.00124674 0.00141385 0.00209852
7d22891c-224788c0.jpg,0.48673659563064575,yolo_s,0.2872021198272705,6101547.0,0.02370443 0.02976997 0.03687500 0.04109701 0.03038845 0.03194987 0.03147135 0.03984049 0.02860460 0.02461697 0.01741753 0.01670464 0.01763238 0.01735135 0.01597114 0.01503906 0.01529622 0.01527235 0.01439345 0.01454319 0.01398980 0.01414280 0.01291667 0.01299262 0.01342339 0.01355360 0.01462131 0.01398872 0.01428711 0.01272569 0.01293186 0.01262370 0.01284831 0.01321289 0.01311306 0.01347005 0.01344076 0.01317057 0.01425781 0.01408203 0.01388889 0.01463325 0.01596897 0.01548611 0.01579102 0.01402127 0.01368490 0.01591797 0.01337565 0.01253689 0.01086697 0.00874457 0.00819336 0.00798720 0.00682292 0.00476128 0.00222765 0.00215278 0.00195638 0.00172418 0.00174913 0.00168620 0.00268555 0.04540473
7d2f7975-e0c1c5a7.jpg,0.6127539277076721,yolo_s,0.19519567489624023,3953542.0,0.00007270 0.00518012 0.01434028 0.01751194 0.00582682 0.00694119 0.00691840 0.00642361 0.01172960 0.01445313 0.02114800 0.01645833 0.01655816 0.01537001 0.01557509 0.01639865 0.01959744 0.02232747 0.02250651 0.02473416 0.02027561 0.01891493 0.01704536 0.01728733 0.01898546 0.02138346 0.02344727 0.02679253 0.03107856 0.03439236 0.03657878 0.03584310 0.03501194 0.03150933 0.02797092 0.02962348 0.02827908 0.02765625 0.02338216 0.01763346 0.01634440 0.01589844 0.01480252 0.01564670 0.01601020 0.01060872 0.00719510 0.00586914 0.00564236 0.00517578 0.00515734 0.00560981 0.00565538 0.00568685 0.00513129 0.00427517 0.00396159 0.00392904 0.00368490 0.00434028 0.00427409 0.00569770 0.00906684 0.01717339
7d35e395-ae41f911.jpg,0.5084812641143799,yolo_s,0.22383570671081543,4813220.0,0.00001085 0.00002062 0.00007921 0.00036567 0.00269748 0.02228299 0.02946072 0.03608290 0.04138889 0.03829861 0.02866536 0.02176107 0.02288411 0.01957465 0.01833008 0.01430773 0.01448242 0.01301758 0.01005534 0.00960829 0.00967665 0.01424479 0.01391168 0.01703016 0.01761502 0.01696615 0.01846680 0.01591580 0.01680664 0.01573351 0.01863932 0.01855686 0.01997938 0.02255968 0.01913628 0.02225477 0.01982964 0.02136502 0.02029188 0.01848307 0.02420790 0.01731554 0.02155816 0.01838759 0.02006402 0.01760525 0.02173720 0.02415256 0.02381185 0.01866753 0.01361545 0.01276693 0.01048286 0.00922526 0.00741102 0.00522352 0.00403646 0.00352322 0.00343967 0.00293294 0.00273546 0.00251302 0.00283854 0.01091037
7d4a9094-0455564b.jpg,0.6703402996063232,yolo_s,0.296924352645874,6219344.0,0.00000000 0.00000000 0.00000109 0.00049588 0.00443142 0.00274197 0.00335829 0.00466905 0.00178060 0.00198025 0.00273112 0.00347005 0.00332465 0.00382487 0.00535482 0.00588108 0.01292318 0.01842773 0.02391059 0.01620334 0.01412869 0.01560764 0.01510308 0.01848958 0.02075412 0.02510417 0.02044813 0.01992187 0.01678494 0.01457574 0.01221246 0.00911458 0.00944987 0.00817600 0.00940538 0.01021810 0.01662869 0.02526259 0.02556532 0.03936089 0.03134983 0.04257270 0.03130100 0.04410156 0.03367187 0.03726562 0.04365777 0.05330187 0.05951063 0.02703668 0.03117296 0.03170898 0.01514757 0.01756836 0.01430990 0.01629232 0.00367405 0.00068576 0.00046549 0.00055230 0.00052409 0.00063368 0.00088216 0.00079102
7d5040af-1a6f933f.jpg,0.608150839805603,yolo_s,0.22168374061584473,4400624.0,0.07703668 0.09685764 0.08452257 0.05525065 0.05753906 0.06843424 0.08863824 0.07821615 0.03649414 0.02084418 0.01214301 0.01035807 0.00750651 0.00681966 0.00583767 0.00477865 0.00463433 0.00411024 0.00421441 0.00391059 0.00400174 0.00434679 0.00450412 0.00522678 0.00507595 0.00571506 0.00620117 0.00672418 0.00505425 0.00474067 0.00484049 0.00436632 0.00532552 0.00492296 0.00577040 0.00790799 0.01002279 0.01312066 0.01171984 0.01340169 0.01055664 0.01157661 0.00950412 0.00994683 0.00820204 0.00875760 0.00803602 0.00801649 0.00792860 0.00676215 0.00703885 0.00640625 0.00628798 0.00545898 0.00342556 0.00285916 0.00206272 0.00263672 0.00205404 0.00208876 0.00140408 0.00122179 0.00206055 0.00457140
7d6c1119-00000000.jpg,0.720577597618103,yolo_s,0.2132561206817627,4589954.0,0.00000434 0.00011827 0.00250434 0.00357856 0.01006944 0.01338216 0.02000651 0.02899197 0.02584527 0.02694553 0.02139106 0.01897461 0.01924913 0.02127062 0.02364366 0.02377821 0.03084961 0.02751411 0.03342339 0.03654514 0.04644640 0.04443142 0.02597765 0.01816623 0.01309679 0.01099067 0.00996094 0.01100477 0.01038628 0.01164605 0.01120985 0.01014757 0.01036892 0.01001845 0.01041124 0.01073351 0.00996094 0.00859809 0.00532444 0.00337131 0.00252821 0.00231662 0.00295898 0.00568359 0.01040799 0.01143880 0.01148220 0.00605143 0.00272135 0.00267687 0.00318142 0.00385525 0.00512804 0.00666233 0.01306966 0.04423177 0.04085938 0.07258464 0.03636068 0.02469401 0.01073676 0.00001736 0.00000977 0.00000543
7d6eb8b3-208131ff.jpg,0.0,yolo_s,0.22101378440856934,4600330.0,0.00000000 0.00001845 0.00087999 0.00446506 0.03044813 0.02723416 0.00813260 0.00545247 0.00811849 0.01572917 0.02696289 0.02329210 0.01930556 0.01500000 0.01743815 0.01692600 0.01540039 0.01452040 0.01478407 0.01640951 0.01332248 0.01366102 0.01494466 0.01709635 0.01968207 0.02496419 0.02906359 0.02519097 0.02827799 0.01561740 0.01730903 0.00855035 0.00731662 0.00742730 0.00716037 0.00811740 0.00794705 0.00779188 0.00995443 0.00967882 0.00676758 0.00722656 0.00567817 0.00300130 0.00308811 0.00370551 0.00527995 0.00803385 0.01286241 0.02345812 0.02687717 0.04305556 0.03352756 0.05414280 0.03750868 0.03123155 0.03391059 0.03032986 0.03954536 0.01503147 0.00213867 0.00000760 0.00000000 0.00000000
7d83710e-4697c3b2.jpg,0.5504447817802429,yolo_s,0.2537224292755127,5295152.0,0.00014648 0.00825304 0.00243490 0.00165582 0.00177409 0.00226780 0.00327040 0.00590278 0.00828559 0.01403212 0.01587565 0.01491319 0.01501194 0.01484918 0.01586914 0.01685004 0.01752062 0.02166558 0.02088542 0.02068793 0.02375326 0.02902127 0.03120009 0.03145942 0.03088325 0.02941081 0.03117622 0.03055230 0.02809679 0.02385525 0.02094944 0.01913520 0.01712999 0.01501302 0.01426541 0.01301541 0.01205078 0.01197374 0.01227973 0.01423611 0.01752279 0.01866970 0.02058160 0.02048177 0.02128581 0.02407986 0.02285265 0.02318793 0.02036458 0.01682617 0.01586263 0.01136827 0.00833008 0.00671766 0.00675347 0.00657335 0.00742947 0.00953885 0.01318793 0.01460286 0.01607856 0.00947157 0.00466580 0.00195747
7d89b471-5b76bdb4.jpg,0.5916874408721924,yolo_s,0.22036480903625488,4626759.0,0.00001736 0.00001736 0.00004123 0.00023655 0.00135308 0.00288411 0.00921984 0.01146918 0.01276584 0.01953776 0.02103299 0.03475043 0.03175347 0.02937391 0.02772352 0.01861437 0.02003689 0.01652886 0.01612305 0.01367079 0.01284722 0.01438043 0.01703776 0.02014974 0.01961697 0.02782878 0.02395399 0.02499349 0.01916450 0.01430230 0.01100043 0.00927083 0.01134332 0.00867839 0.00991645 0.00880859 0.00932943 0.01139865 0.00980794 0.01014431 0.00963867 0.01194878 0.01013129 0.01495877 0.01356554 0.01765842 0.01699653 0.01203125 0.01406576 0.01655273 0.01813802 0.01746419 0.02576931 0.04548286 0.03612522 0.04559896 0.04794379 0.03295681 0.00511827 0.00164605 0.00080404 0.00095595 0.00257487 0.00074978
7d97d173-09388af3.jpg,0.2972245514392853,yolo_s,0.24843668937683105,5261400.0,0.00000000 0.00000109 0.00004557 0.00038520 0.00072483 0.00103516 0.00214518 0.00432075 0.00647786 0.01048828 0.01598416 0.02023980 0.02306532 0.02372613 0.02369466 0.02443793 0.03035482 0.03787977 0.03114583 0.02678060 0.02007704 0.01983941 0.02242730 0.03277669 0.03276584 0.02973090 0.03356337 0.02974067 0.03327474 0.02662326 0.02792101 0.02195204 0.01748047 0.01374240 0.01256619 0.01211155 0.01124349 0.01057183 0.01187717 0.01465712 0.01689670 0.01985569 0.02593424 0.02935004 0.03319661 0.02818902 0.03551649 0.03890734 0.02419813 0.00876085 0.00379015 0.00287543 0.00216471 0.00384983 0.00345486 0.00174588 0.00099935 0.00041450 0.00037869 0.00044054 0.00039171 0.00029514 0.00026910 0.00024957
7daa6479-67988f3f.jpg,0.5846427083015442,yolo_s,0.2835719585418701,5893174.0,0.00013672 0.00036458 0.00073785 0.00109592 0.00349826 0.00747396 0.01369249 0.02699978 0.02991428 0.03853299 0.02904405 0.03447591 0.02898003 0.02676215 0.02482205 0.02314562 0.02697808 0.02546875 0.03165473 0.02799371 0.03022244 0.03229058 0.02757487 0.02861871 0.02698785 0.02770833 0.02239800 0.02356879 0.01873372 0.01754232 0.01818251 0.01600369 0.01541341 0.01172201 0.01207682 0.01079753 0.01067491 0.01066623 0.01002279 0.01208116 0.01095378 0.01293186 0.01099067 0.01710612 0.02300998 0.02398763 0.02035048 0.01348633 0.01416667 0.00974067 0.00793945 0.00566732 0.00529080 0.00611654 0.00531250 0.00552951 0.00299262 0.00302951 0.00171658 0.00139865 0.00101237 0.00089410 0.00133138 0.00998589
7dc08598-f42e2015.jpg,0.5505022406578064,yolo_s,0.3430933952331543,6963422.0,0.00089410 0.00120334 0.01016276 0.01263672 0.01547309 0.02273003 0.04530924 0.05125868 0.03715061 0.03114366 0.02265951 0.02641493 0.02430013 0.02567057 0.02756727 0.02497938 0.02694661 0.02356228 0.02542752 0.02196723 0.02223090 0.02364366 0.01973850 0.01715386 0.01411675 0.01415907 0.01183377 0.01296224 0.01309679 0.01250760 0.01360786 0.01312717 0.01472982 0.01325195 0.01780165 0.01882487 0.01997396 0.02047309 0.01747938 0.02139323 0.01631944 0.01737305 0.01821723 0.01999566 0.01248481 0.01022569 0.00888129 0.00745443 0.00806532 0.00784614 0.00928602 0.00809462 0.00708550 0.00611762 0.00465603 0.00485786 0.00430773 0.00528212 0.00349284 0.00332682 0.00249783 0.00206272 0.00167535 0.00083008
7dca6982-6971d025.jpg,0.539897620677948,yolo_s,0.21677041053771973,4685108.0,0.00040907 0.01228516 0.02252496 0.01710069 0.01825846 0.01728516 0.01785807 0.02228516 0.02835286 0.03830187 0.03902235 0.04762153 0.05534722 0.06203559 0.04959744 0.03118707 0.03311415 0.02811632 0.02770725 0.02191840 0.01537869 0.01530707 0.01265734 0.01275716 0.00916775 0.00984918 0.00781467 0.00787109 0.00673069 0.00589301 0.00700629 0.00576389 0.00806749 0.00633247 0.00904188 0.00575629 0.00569661 0.00573676 0.00608507 0.00692166 0.00646376 0.01001519 0.00892687 0.00940321 0.00583984 0.00687283 0.00836155 0.00837674 0.00971571 0.01032010 0.01207140 0.01031576 0.01109375 0.01334527 0.01075846 0.01453234 0.01255968 0.01785807 0.01497613 0.01415365 0.00965169 0.00749240 0.00657010 0.00016168
7dd1669f-5a249967.jpg,0.5304378867149353,yolo_s,0.2611703872680664,5433397.0,0.00122938 0.00986003 0.00585829 0.00676758 0.00976020 0.01174154 0.01643989 0.02029839 0.02951931 0.02234701 0.01704319 0.01444444 0.01374891 0.01349175 0.01206814 0.01198785 0.01318251 0.01685221 0.01977756 0.02061849 0.02197483 0.02063802 0.01839410 0.01769857 0.01591146 0.01397786 0.01266602 0.01302734 0.01573785 0.02079427 0.02509549 0.02884440 0.03287543 0.05104926 0.05874023 0.06379232 0.04171007 0.02873372 0.02189562 0.01750000 0.01634874 0.01387695 0.01696181 0.01309245 0.01343316 0.01019314 0.00974284 0.01023329 0.00969076 0.00809462 0.00600911 0.00484809 0.00432726 0.00333333 0.00250977 0.00233724 0.00234049 0.00276259 0.00286567 0.00489041 0.00480252 0.00287218 0.00445530 0.00188477
7de0a101-68335d0a.jpg,0.4873097240924835,yolo_s,0.19629430770874023,4548572.0,0.00012804 0.00018989 0.00046658 0.00107096 0.00261176 0.00429579 0.00559679 0.00738281 0.00825846 0.01047092 0.00789280 0.00753147 0.00736328 0.00793077 0.01038628 0.01095378 0.02459635 0.01944010 0.01632704 0.01576389 0.01964627 0.01722439 0.01506402 0.01439670 0.01208116 0.01480360 0.01306532 0.01324327 0.01091688 0.00967665 0.00815864 0.00690755 0.00816406 0.00698893 0.00828776 0.00693793 0.00640951 0.00633355 0.00583984 0.00634983 0.00594835 0.00647244 0.00663737 0.00709744 0.00687826 0.00708008 0.00872287 0.01110786 0.01775282 0.02670356 0.03923394 0.05875760 0.07897244 0.06903646 0.04516493 0.05139431 0.07898763 0.05764323 0.02401910 0.01234809 0.00050781 0.00021918 0.00009983 0.00006076
7de7130e-3d65b555.jpg,0.5293618440628052,yolo_s,0.2122819423675537,4506031.0,0.00819336 0.00748264 0.02796549 0.05191949 0.06619900 0.06132704 0.04777018 0.03730143 0.02745226 0.03197157 0.03427300 0.04048937 0.02957031 0.03079753 0.03341580 0.03359375 0.03164388 0.02147569 0.01713759 0.01508572 0.01522352 0.01936306 0.01775499 0.01559896 0.01117513 0.01215929 0.00980035 0.01065755 0.01103841 0.01115126 0.01090278 0.00671658 0.00698459 0.00586806 0.00700087 0.00587782 0.00616753 0.00487956 0.00350369 0.00275391 0.00254666 0.00230252 0.00171224 0.00233832 0.00294488 0.00428928 0.00588108 0.00745768 0.00985677 0.00932943 0.01002821 0.00898003 0.00884549 0.00910916 0.00821398 0.00903754 0.00801649 0.00847439 0.00719401 0.00655816 0.00600477 0.00470812 0.00377387 0.00275391
7df23ae0-00000000.jpg,0.5775377154350281,yolo_s,0.23666095733642578,5042101.0,0.00000109 0.00102865 0.00641602 0.00556207 0.01176107 0.01834852 0.04311415 0.06565213 0.04014106 0.04048286 0.03514323 0.03510851 0.02799154 0.02447049 0.02273546 0.02036675 0.02045573 0.01901042 0.01830404 0.01583984 0.01616536 0.01644097 0.01472656 0.01371636 0.01375217 0.01651910 0.01824002 0.01536024 0.01092231 0.01027669 0.00990451 0.00758030 0.00726454 0.00776042 0.01006619 0.01235026 0.02257487 0.02891710 0.02358832 0.02792643 0.02557834 0.02870334 0.02091363 0.01954210 0.01335286 0.01163954 0.00821723 0.00683594 0.00636610 0.00806749 0.01478407 0.00850369 0.00645182 0.00590386 0.00505208 0.00400391 0.00357313 0.00459527 0.00501411 0.00362739 0.00226562 0.00222765 0.00391927 0.00487522
7e1a88c5-66aa091b.jpg,0.5703842043876648,yolo_s,0.20492005348205566,4181813.0,0.00991102 0.00689453 0.01843424 0.03514431 0.06958442 0.03562174 0.01979167 0.01468750 0.01374783 0.02139865 0.01685981 0.02252279 0.02069444 0.02329644 0.02355577 0.01864692 0.02965603 0.02666233 0.02556207 0.01869792 0.01971571 0.02318468 0.01853190 0.01877062 0.01342339 0.01575955 0.01095052 0.00885959 0.00423720 0.00325521 0.00222548 0.00103190 0.00087891 0.00076497 0.00081597 0.00076280 0.00626194 0.01648329 0.01820530 0.03596354 0.02267253 0.02642361 0.01680881 0.02500543 0.02061849 0.02460286 0.02517361 0.02195204 0.01841580 0.01235460 0.01424805 0.01281576 0.01163411 0.01032986 0.00622830 0.00548286 0.00401259 0.00528971 0.00469727 0.00416016 0.00335829 0.00286241 0.00475911 0.00464084
7e23ea75-4e570000.jpg,0.6521750092506409,yolo_s,0.20666265487670898,4401417.0,0.00123264 0.00338433 0.01449436 0.02522352 0.02753689 0.02483941 0.02316840 0.02513997 0.02197374 0.02295356 0.02173286 0.02434679 0.02388563 0.02551324 0.02500760 0.02531359 0.03019423 0.02963867 0.04092882 0.03331706 0.03556532 0.04877821 0.03442166 0.02492405 0.01927843 0.01316406 0.01139974 0.01194010 0.01168511 0.01144965 0.01228190 0.01080512 0.01126736 0.00966363 0.01070204 0.01081597 0.01247070 0.01117730 0.01098199 0.01096029 0.00706380 0.00733941 0.00734809 0.00642144 0.00528537 0.00398546 0.00406467 0.00443251 0.00613281 0.00649631 0.00764214 0.00980686 0.01274740 0.00871419 0.00658420 0.00398112 0.00325521 0.00195421 0.00158203 0.00162977 0.00125109 0.00128364 0.00224609 0.07519423
7e23ea75-4e570001.jpg,0.5721960067749023,yolo_s,0.20698809623718262,4395497.0,0.00307075 0.01191406 0.04565864 0.04473199 0.04799045 0.04363932 0.06154839 0.09871311 0.08870985 0.06813585 0.05071181 0.05235460 0.02399523 0.01844835 0.01581923 0.01348850 0.01472873 0.01143229 0.00906359 0.00654297 0.00558377 0.00496419 0.00502713 0.00437391 0.00364909 0.00357639 0.00314887 0.00258464 0.00189996 0.00176324 0.00200629 0.00143880 0.00136610 0.00099718 0.00084852 0.00069987 0.00070204 0.00064779 0.00062283 0.00057292 0.00060764 0.00064996 0.00066298 0.00069010 0.00068034 0.00080621 0.00081489 0.00096897 0.00140842 0.00207682 0.00264865 0.00322157 0.00424913 0.01635200 0.02596246 0.03239475 0.02290907 0.03536458 0.02507161 0.02037218 0.01969727 0.00445095 0.00058594 0.00018229
7e23ea75-c9f30000.jpg,0.6709067821502686,yolo_s,0.2848825454711914,5879013.0,0.00099284 0.00367622 0.03734918 0.05004991 0.05985569 0.05540473 0.04782010 0.03799262 0.03023872 0.03474609 0.02892904 0.03666450 0.06027344 0.06537218 0.06238281 0.04413303 0.03497287 0.02237956 0.01596463 0.01025608 0.00779405 0.00631836 0.00529622 0.00500868 0.00523763 0.00566840 0.00483398 0.00522027 0.00410265 0.00369466 0.00310655 0.00273872 0.00246094 0.00236654 0.00198025 0.00159722 0.00150716 0.00143338 0.00138889 0.00135200 0.00127279 0.00124349 0.00127604 0.00131727 0.00144965 0.00150391 0.00173069 0.00193034 0.00214084 0.00219184 0.00247938 0.00235677 0.00217448 0.00241211 0.00259006 0.00353190 0.00746311 0.01202691 0.00744249 0.00788411 0.00881402 0.01285373 0.01910048 0.08025282
7e23ea75-c9f30001.jpg,0.400360643863678,yolo_s,0.2100820541381836,4229481.0,0.00135634 0.00223958 0.01167209 0.02098199 0.02571832 0.02191081 0.02078668 0.02120877 0.02758898 0.04829861 0.05561198 0.06926432 0.07441298 0.08391168 0.04229601 0.02480794 0.01734049 0.01365885 0.01383572 0.01429796 0.01500868 0.01560438 0.01594076 0.01772895 0.01871745 0.01655273 0.01506944 0.01647461 0.01386936 0.01322483 0.01250977 0.00694227 0.00558811 0.00353624 0.00256293 0.00172743 0.00097439 0.00070638 0.00063151 0.00049479 0.00050347 0.00053385 0.00046224 0.00054796 0.00043077 0.00041667 0.00038194 0.00042426 0.00051649 0.00060330 0.00065864 0.00067274 0.00096897 0.00081163 0.00072374 0.00094510 0.00110243 0.00143555 0.00559896 0.01382270 0.01569878 0.01431749 0.01956597 0.11379123
7e23ea75-d0830001.jpg,0.5470462441444397,yolo_s,0.21478748321533203,4616505.0,0.79850369 0.03122938 0.02843859 0.02248915 0.01483290 0.01110026 0.01032118 0.01055013 0.00911458 0.00884874 0.00687717 0.00706055 0.00663411 0.00640191 0.00461046 0.00195964 0.00182292 0.00181749 0.00151476 0.00118381 0.00109158 0.00091254 0.00084418 0.00062066 0.00065213 0.00061957 0.00066189 0.00046766 0.00041667 0.00037001 0.00037760 0.00032552 0.00029948 0.00029948 0.00031033 0.00026801 0.00028320 0.00023655 0.00025282 0.00025282 0.00025065 0.00024089 0.00025065 0.00025282 0.00022678 0.00023546 0.00024414 0.00023220 0.00016493 0.00015516 0.00015734 0.00015734 0.00013238 0.00013889 0.00015082 0.00014974 0.00014214 0.00014431 0.00018229 0.00023980 0.00023329 0.00031793 0.00038411 0.00034180
7e365190-9193658c.jpg,0.30579185485839844,yolo_s,0.40479302406311035,8609780.0,0.00045030 0.00642144 0.00823893 0.01078668 0.02163086 0.04155816 0.05745660 0.08147678 0.09793511 0.08628906 0.07290148 0.05808485 0.04867405 0.03793077 0.02957140 0.02389540 0.01504883 0.01467773 0.01011502 0.00771484 0.00580838 0.00474501 0.00405382 0.00409071 0.00408420 0.00291992 0.00255642 0.00241970 0.00266819 0.00345052 0.00400933 0.00477973 0.00582031 0.00670139 0.00751519 0.00721897 0.00498698 0.00363281 0.00296766 0.00246419 0.00229926 0.00239583 0.00267253 0.00296984 0.00376628 0.00441515 0.00428819 0.00319227 0.00261719 0.00273980 0.00207357 0.00139757 0.00121528 0.00124891 0.00129232 0.00127062 0.00142470 0.00141819 0.00151367 0.00179470 0.00217556 0.00305881 0.00530382 0.12570421
7e5ef657-00000000.jpg,0.866207480430603,yolo_s,0.24091005325317383,5007677.0,0.01591580 0.01499023 0.03484375 0.02686849 0.05311306 0.04924479 0.05327257 0.05614909 0.05977431 0.05196398 0.03486654 0.03311198 0.03337457 0.02993056 0.02423177 0.02198676 0.02193142 0.01995877 0.01764648 0.01474501 0.01265734 0.01155273 0.01047309 0.00989041 0.00918511 0.00907118 0.00891602 0.00868164 0.00842014 0.00841146 0.00822917 0.00807292 0.00800564 0.00809787 0.00801975 0.00804796 0.01123264 0.01270616 0.01219510 0.01302734 0.01290256 0.01369683 0.01077582 0.01139648 0.00880642 0.00872504 0.00627930 0.00529080 0.00471571 0.00513997 0.00594944 0.00404405 0.00415256 0.00375977 0.00218099 0.00267361 0.00332140 0.00461372 0.00646050 0.00555447 0.00443142 0.00213759 0.00014540 0.00003255
7e5ef657-a9ad0000.jpg,0.541429877281189,yolo_s,0.26566576957702637,5260606.0,0.01323134 0.01599826 0.02982856 0.02509440 0.04441515 0.05303060 0.05369683 0.05570855 0.05755317 0.05395833 0.03728950 0.03546224 0.03366319 0.03066081 0.02436198 0.02096463 0.02183160 0.02058594 0.01848633 0.01604384 0.01340712 0.01203451 0.01108941 0.01036892 0.00958116 0.00946072 0.00911675 0.00874132 0.00859375 0.00831923 0.00813043 0.00809245 0.00810221 0.00809896 0.00832574 0.00815321 0.01020508 0.01253472 0.01219076 0.01362630 0.01354384 0.01356228 0.01151042 0.01163845 0.00811632 0.00898763 0.00677192 0.00552192 0.00493056 0.00509006 0.00623264 0.00433919 0.00448459 0.00348524 0.00225803 0.00287001 0.00332465 0.00440321 0.00642470 0.00592882 0.00395942 0.00233724 0.00022352 0.00001736
7e5ef657-a9ad0001.jpg,0.8712615966796875,yolo_s,0.2436220645904541,5384081.0,0.01654839 0.01456923 0.03329970 0.02945530 0.05410373 0.04837782 0.05780924 0.05453885 0.05621528 0.05312826 0.03481988 0.03415473 0.03373481 0.02861220 0.02301758 0.02135742 0.02149848 0.01843207 0.01626628 0.01522678 0.01259440 0.01138997 0.01076389 0.00992188 0.00971680 0.00930881 0.00883681 0.00857747 0.00827582 0.00836155 0.00820964 0.00819878 0.00794813 0.00794054 0.00778429 0.00809570 0.01096680 0.01226563 0.01235894 0.01301324 0.01319661 0.01345269 0.01190321 0.01123698 0.00884657 0.00892795 0.00644965 0.00536784 0.00478733 0.00521050 0.00604492 0.00431532 0.00410916 0.00351345 0.00197049 0.00280056 0.00351454 0.00535373 0.00626736 0.00595486 0.00441298 0.00232096 0.00031684 0.00003038
7e788ad5-00000000.jpg,0.8355400562286377,yolo_s,0.25650978088378906,5291063.0,0.00000760 0.00004774 0.00021810 0.00067383 0.00346137 0.01173828 0.02515408 0.03866211 0.04495226 0.04866970 0.04155599 0.04078993 0.03631076 0.02680990 0.02048069 0.01699544 0.01426215 0.01064779 0.00938151 0.00839084 0.00815213 0.00877496 0.00895616 0.00931207 0.00938911 0.00950738 0.00922201 0.01158746 0.01353190 0.01548611 0.01630968 0.01683702 0.01680990 0.01525933 0.01661892 0.01921224 0.02905056 0.04099826 0.03380534 0.05068685 0.04783746 0.04884766 0.02942708 0.02170030 0.01357096 0.01840278 0.01952582 0.00905924 0.00666450 0.00312609 0.00208550 0.00158529 0.00137804 0.00141710 0.00139214 0.00189996 0.00204536 0.00315972 0.00291124 0.00242079 0.00171658 0.00064128 0.00033203 0.00013563
7ea0c1bd-fe29369b.jpg,0.4135279357433319,yolo_s,0.23493075370788574,4462086.0,0.00006727 0.00500977 0.01052626 0.00695530 0.01434570 0.01925022 0.01508355 0.01724826 0.02004232 0.01841471 0.02018446 0.03501845 0.04114475 0.05557292 0.05943142 0.04759115 0.03795139 0.02784397 0.01761936 0.01371528 0.01036350 0.00857964 0.00803928 0.00793620 0.00754883 0.00799805 0.00832465 0.00754883 0.00823785 0.00805990 0.00809462 0.00912109 0.00966363 0.00992079 0.00879232 0.00845812 0.00898220 0.00930556 0.00964410 0.01019857 0.01126411 0.01215169 0.01450521 0.01323351 0.01079427 0.00998698 0.01169488 0.01326714 0.01466254 0.01536458 0.01583116 0.02152235 0.01856988 0.01687500 0.01546984 0.01724392 0.01994575 0.01592339 0.01497830 0.01468099 0.01522135 0.01986762 0.00909722 0.00001411
7ea536cf-9cb2ed5f.jpg,0.5520756244659424,yolo_s,0.23999333381652832,5121691.0,0.00064779 0.00385200 0.00777344 0.00506727 0.00769965 0.01040907 0.01262804 0.03054688 0.01680122 0.01682400 0.02550022 0.03197808 0.04285807 0.03718207 0.02699653 0.02067274 0.02193359 0.02488932 0.02317166 0.02701931 0.03648112 0.04849175 0.05164388 0.06531684 0.03520508 0.02066298 0.01275825 0.01009983 0.00899523 0.00862088 0.00775825 0.00752821 0.00801107 0.00800564 0.00828016 0.00998698 0.01096571 0.00923611 0.00778212 0.00679579 0.00565430 0.00534831 0.00523546 0.00542209 0.00539171 0.00521050 0.00532010 0.00514757 0.00502279 0.00515734 0.00511176 0.00529839 0.00562174 0.00552734 0.00657118 0.01290256 0.01219076 0.01025933 0.02107096 0.02174913 0.04101888 0.02119249 0.00143989 0.00005859
7eb52e47-49584e13.jpg,0.5654745101928711,yolo_s,0.1979384422302246,4300648.0,0.00833225 0.01119466 0.00449761 0.00580512 0.01414822 0.02006836 0.02893012 0.02751953 0.02408529 0.03138238 0.03036675 0.04328342 0.05339193 0.07262153 0.06464410 0.06152886 0.06425890 0.03971463 0.02649848 0.01614909 0.01363932 0.01253147 0.01138672 0.01075955 0.00981228 0.01028754 0.00925347 0.00955078 0.00807834 0.00814453 0.00839844 0.00702908 0.00726563 0.00570530 0.00599718 0.00544922 0.00551866 0.00541124 0.00536350 0.00642253 0.00582574 0.00655707 0.00665256 0.00795247 0.00797852 0.00952257 0.00860460 0.00881076 0.00956163 0.00698134 0.00589627 0.00493273 0.00533746 0.00516710 0.00509332 0.00645833 0.00646593 0.00825955 0.00620551 0.00598090 0.00569878 0.00570421 0.00770725 0.02821940
7eb7131c-420e1747.jpg,0.41886454820632935,yolo_s,0.21676230430603027,4586842.0,0.00025391 0.00043728 0.00180990 0.00755208 0.01717014 0.01397678 0.01396484 0.01644857 0.01480252 0.01603299 0.01386936 0.01524414 0.01224826 0.01159614 0.01158963 0.01055990 0.01104492 0.00997613 0.01285265 0.01775391 0.02285482 0.02447049 0.02209961 0.02292318 0.01954210 0.02062826 0.01718424 0.01787543 0.01701931 0.02291450 0.03210829 0.03097114 0.04567383 0.03693034 0.04433160 0.03452474 0.03319444 0.03342014 0.02705187 0.03477105 0.02586046 0.02839735 0.02100694 0.02372287 0.01625868 0.01595486 0.01662977 0.01265082 0.01256402 0.00805881 0.00740560 0.00631727 0.00442166 0.00269097 0.00219618 0.00145833 0.00104492 0.00100911 0.00085612 0.00062826 0.00045464 0.00031576 0.00025174 0.00017144
7ec0c9b1-00000000.jpg,0.5557948350906372,yolo_s,0.22350335121154785,4944140.0,0.00012261 0.00010959 0.00019206 0.00035590 0.00077148 0.00490777 0.02382161 0.06229275 0.06354492 0.06773872 0.06130100 0.04299045 0.02992839 0.02295030 0.01844835 0.01344510 0.01129123 0.00999023 0.00977648 0.01190864 0.02271484 0.03660156 0.03937174 0.03982856 0.03216363 0.02524523 0.01359266 0.01072483 0.00841471 0.00782227 0.00591905 0.00407335 0.00361762 0.00367839 0.00277561 0.00250326 0.00248047 0.00230143 0.00219401 0.00199978 0.00186849 0.00178494 0.00162543 0.00159831 0.00161458 0.00165148 0.00163737 0.00174371 0.00176541 0.00162218 0.00172852 0.00161350 0.00163520 0.00396810 0.00702040 0.01844727 0.04398546 0.06745877 0.03878364 0.02363715 0.01790039 0.00852322 0.02428168 0.00019423
7ed0f644-ac730000.jpg,0.4062357544898987,yolo_s,0.21947336196899414,4572437.0,0.50976345 0.14961046 0.10468424 0.05165690 0.04515951 0.03492947 0.03364800 0.02190972 0.00965386 0.00816515 0.00575738 0.00416992 0.00303385 0.00228516 0.00190864 0.00167752 0.00152995 0.00138563 0.00118164 0.00095486 0.00101997 0.00073242 0.00063585 0.00057183 0.00041124 0.00030924 0.00026259 0.00025608 0.00018555 0.00019423 0.00014865 0.00011936 0.00010959 0.00012804 0.00007704 0.00005968 0.00007487 0.00006402 0.00005642 0.00007161 0.00004666 0.00007921 0.00006727 0.00005642 0.00005425 0.00005968 0.00006185 0.00005208 0.00007270 0.00005751 0.00006185 0.00005317 0.00006293 0.00006402 0.00005100 0.00004015 0.00003581 0.00004340 0.00003472 0.00004774 0.00006836 0.00006510 0.00006293 0.00014757
7ed0f644-ac730001.jpg,0.5852305889129639,yolo_s,0.3274209499359131,6507857.0,0.24669596 0.10832574 0.11044813 0.08051215 0.08657769 0.06391927 0.06321398 0.05860894 0.03756402 0.03661241 0.01916667 0.01691515 0.01335937 0.01099284 0.00991428 0.00698568 0.00538628 0.00392144 0.00320747 0.00242947 0.00245768 0.00280382 0.00180230 0.00116428 0.00092231 0.00077148 0.00054253 0.00042860 0.00035699 0.00035699 0.00031033 0.00025499 0.00025282 0.00020833 0.00019314 0.00019314 0.00018121 0.00012804 0.00011936 0.00009440 0.00009874 0.00007595 0.00008789 0.00007378 0.00008898 0.00005642 0.00007053 0.00006619 0.00005100 0.00005859 0.00006727 0.00007595 0.00008247 0.00006944 0.00005425 0.00006619 0.00005317 0.00005317 0.00005859 0.00004883 0.00005534 0.00009115 0.00009874 0.00009766
7ed63746-764b90a2.jpg,0.5783747434616089,yolo_s,0.33556342124938965,6939619.0,0.00000000 0.00000109 0.00001194 0.00003581 0.00034831 0.00234158 0.00660916 0.01239475 0.01342882 0.01887261 0.01569336 0.01525174 0.01434462 0.01797960 0.02088433 0.01284722 0.01537869 0.01473199 0.02041341 0.02363607 0.03575412 0.06221137 0.04465712 0.04150716 0.02787543 0.03415473 0.02148655 0.02270942 0.01744575 0.01407986 0.01232856 0.00962131 0.01021810 0.00843316 0.00862088 0.00754774 0.00783203 0.00844510 0.00799479 0.00976454 0.00906576 0.01066732 0.00936089 0.01090169 0.01100369 0.01026259 0.01228841 0.01185004 0.01504449 0.01251194 0.01294488 0.01143555 0.01033095 0.00983073 0.00863715 0.00925456 0.00676215 0.00668077 0.00597765 0.00663845 0.00777235 0.00948025 0.01629991 0.12710503
7ee1bbce-57ed1f51.jpg,0.9287115931510925,yolo_s,0.2606680393218994,5360093.0,0.00023003 0.00104275 0.00102865 0.00290907 0.00692925 0.00916124 0.01306424 0.01485243 0.01427083 0.01543945 0.01780490 0.01887261 0.02754449 0.03500326 0.03419271 0.02148112 0.02187174 0.02403320 0.02860460 0.03309245 0.03473416 0.05051432 0.04852756 0.05009115 0.03130100 0.02641385 0.02465603 0.02359701 0.02274197 0.01917969 0.01482856 0.01064996 0.00819661 0.00571723 0.00443142 0.00351888 0.00291124 0.00251411 0.00208767 0.00175022 0.00153754 0.00159071 0.00149414 0.00160916 0.00150391 0.00166884 0.00186523 0.00174045 0.00235135 0.00270725 0.00375543 0.00675456 0.00871745 0.01132921 0.01642687 0.02376736 0.01840820 0.02688151 0.05266602 0.03600152 0.04023112 0.00484701 0.00138129 0.00097222
7ee2f122-4dbd9d07.jpg,0.6017448306083679,yolo_s,0.24651145935058594,5255968.0,0.01443251 0.00991536 0.00710178 0.00814019 0.01297201 0.01645508 0.01750543 0.02150174 0.02009115 0.02115885 0.01833008 0.02074870 0.01982313 0.02007921 0.02192708 0.02061849 0.02352973 0.02152344 0.02356771 0.02275065 0.02344618 0.02515734 0.02272895 0.02293837 0.01961806 0.02104384 0.01876519 0.02081597 0.02004991 0.02134332 0.02807834 0.02539280 0.02771376 0.02125109 0.02247613 0.02058268 0.02101888 0.02022352 0.01690213 0.01745009 0.01488932 0.01648872 0.01461914 0.01739475 0.01720378 0.01681098 0.01308268 0.00834201 0.00571832 0.00320204 0.00264865 0.00201823 0.00191949 0.00186198 0.00186089 0.00219835 0.00202365 0.00248372 0.00270942 0.00460286 0.00434570 0.00446940 0.00974609 0.03019097
7ee5d536-808b2dd5.jpg,0.5382754802703857,yolo_s,0.4557456970214844,9112892.0,0.00000000 0.00084961 0.01658312 0.02434462 0.06735026 0.07079536 0.08349067 0.06295573 0.05328668 0.09474392 0.06275608 0.08070530 0.03814996 0.02933160 0.03066081 0.02259006 0.02030382 0.00986545 0.01082031 0.01067817 0.00745117 0.00832791 0.00570747 0.00420247 0.00312500 0.00337023 0.00242622 0.00239800 0.00190538 0.00163845 0.00125326 0.00085720 0.00090061 0.00078234 0.00129340 0.00155382 0.00191189 0.00308377 0.00193251 0.00229492 0.00286350 0.00638455 0.00463542 0.00652235 0.00251845 0.00286350 0.00348958 0.00253038 0.00324002 0.00535916 0.00636610 0.00593099 0.00583442 0.00568576 0.00567600 0.00579427 0.00431532 0.00457574 0.00460829 0.00591254 0.00595812 0.00591146 0.01804470 0.02830187
7ee6d192-89e2408b.jpg,0.5157918334007263,yolo_s,0.2378220558166504,4809314.0,0.00000000 0.00000000 0.00000000 0.00000000 0.00002062 0.00019531 0.00088325 0.00928060 0.01898329 0.04060438 0.05277018 0.07309028 0.05537543 0.04523112 0.03863281 0.02789931 0.02263780 0.01526150 0.01752387 0.01893663 0.02153212 0.02719835 0.02687391 0.02235894 0.01472548 0.00958225 0.00411241 0.00206163 0.00102105 0.00088867 0.00083225 0.00072266 0.00078234 0.00081163 0.00087348 0.00092339 0.00111545 0.00142036 0.00171875 0.00201280 0.00183702 0.00255859 0.00296766 0.00588108 0.01062066 0.01157769 0.01641602 0.02068468 0.02825304 0.02856879 0.03542643 0.02475694 0.02728082 0.04913303 0.05238715 0.05231554 0.02426107 0.01487305 0.00630100 0.00348850 0.00101563 0.00021159 0.00020942 0.00008030
7ef46d23-00000000.jpg,0.6889685392379761,yolo_s,0.24053692817687988,5150438.0,0.00819553 0.01667318 0.06543728 0.07762370 0.07993490 0.08458116 0.06719293 0.04557292 0.03384549 0.03204753 0.02739583 0.02498155 0.02192708 0.02157986 0.01414714 0.01133898 0.01857422 0.01403971 0.01285373 0.01263889 0.01370443 0.01215061 0.01141927 0.01232856 0.01180556 0.01366753 0.01096788 0.01056207 0.00730469 0.00669705 0.00634115 0.00482313 0.00564670 0.00486220 0.00376736 0.00333767 0.00303385 0.00242947 0.00235352 0.00263563 0.00285807 0.00856771 0.00772786 0.01255751 0.00900174 0.01239692 0.01551215 0.01824219 0.01838650 0.01140299 0.01558485 0.01231120 0.00808377 0.00457791 0.00053494 0.00018989 0.00015082 0.00009223 0.00010851 0.00009549 0.00022569 0.00037326 0.00049262 0.00010525
7ef50949-51640000.jpg,0.6183936595916748,yolo_s,0.24081134796142578,5035143.0,0.00000000 0.00437934 0.03270399 0.02233290 0.01240885 0.00844727 0.00951172 0.00988715 0.00981011 0.01650608 0.01373481 0.01800890 0.01424805 0.01602322 0.00944227 0.00714084 0.00742187 0.00671549 0.00652452 0.00633355 0.00599826 0.00551107 0.00573785 0.00602648 0.00694227 0.01127713 0.01654731 0.02387587 0.02380534 0.02745226 0.03255534 0.03044922 0.03438260 0.03061523 0.03759657 0.03017470 0.02560004 0.02026801 0.01430447 0.01586697 0.01627821 0.01818251 0.01544596 0.02524306 0.02361654 0.02610677 0.03379883 0.02699978 0.03941732 0.04246745 0.03667969 0.02319010 0.01272786 0.00324761 0.00123698 0.00100477 0.00115560 0.00144314 0.00253798 0.00262153 0.00326497 0.00303277 0.00315213 0.00058051
7ef50949-51640001.jpg,0.6154623031616211,yolo_s,0.1962885856628418,4071217.0,0.00026693 0.02452365 0.02935547 0.01443034 0.01044162 0.01126953 0.01291341 0.01365126 0.01385200 0.01593859 0.01523220 0.01915256 0.01478516 0.01405924 0.00966797 0.01030382 0.01298177 0.01243707 0.01272569 0.01333876 0.01434028 0.01424045 0.01346354 0.01334418 0.01636827 0.02295681 0.03003581 0.03566298 0.03287109 0.03030816 0.03175673 0.02461914 0.02734809 0.01840603 0.01757487 0.01402452 0.01303385 0.01346680 0.01024957 0.01608290 0.01412869 0.01677083 0.01641168 0.02635417 0.02411133 0.02558051 0.02969510 0.01905056 0.02317166 0.02701714 0.03603950 0.02139431 0.01268012 0.00365126 0.00067708 0.00062934 0.00062174 0.00079644 0.00143772 0.00210286 0.00196615 0.00204102 0.00152452 0.00066515
7efc3f4d-00000000.jpg,0.5628253817558289,yolo_s,0.21930241584777832,4772632.0,0.00236654 0.01038520 0.00531576 0.00295573 0.00471463 0.00980903 0.01917643 0.02662760 0.02828668 0.04520942 0.03756510 0.04067925 0.03545573 0.03227756 0.02927083 0.02819444 0.03011068 0.02267144 0.02024848 0.01873372 0.01786241 0.01663411 0.01493924 0.01348090 0.01204102 0.01087348 0.01223850 0.01563368 0.01151801 0.00993381 0.00995660 0.01103407 0.01293077 0.01464627 0.01688368 0.01340169 0.01229926 0.01110243 0.01075304 0.00961697 0.00897786 0.00865560 0.00937717 0.01655599 0.01972439 0.02468099 0.03426866 0.03320855 0.03814128 0.02953342 0.02132270 0.02396267 0.00776042 0.00264540 0.00179145 0.00152452 0.00129557 0.00119575 0.00109484 0.00108290 0.00133464 0.00145942 0.00149306 0.00107856
7f0b6105-00000000.jpg,0.7969447374343872,yolo_s,0.20808863639831543,4359791.0,0.00017253 0.00172526 0.00415365 0.00523329 0.02480143 0.03545898 0.03747287 0.04341688 0.04243381 0.04028537 0.03246202 0.03720378 0.06081272 0.09266493 0.03761393 0.02580838 0.02040148 0.01077040 0.00949110 0.00850477 0.00657661 0.00632595 0.00690430 0.00507704 0.00405382 0.00343099 0.00355143 0.00545898 0.00664822 0.00662001 0.00804579 0.00865777 0.00772569 0.00459310 0.00502279 0.00359484 0.00262695 0.00231879 0.00330838 0.00342231 0.00315647 0.00379991 0.00389974 0.00402561 0.00332248 0.00594727 0.01708659 0.01400825 0.01694878 0.01413628 0.02064236 0.02702365 0.03165039 0.05430664 0.02106988 0.01840386 0.01239692 0.01131836 0.00788194 0.00786024 0.00752062 0.00583876 0.00884874 0.00405490
7f121a33-526f912b.jpg,0.5633478164672852,yolo_s,0.23521757125854492,4826526.0,0.00000000 0.00000000 0.00001628 0.00034071 0.00332031 0.00898437 0.02055447 0.02045681 0.01281141 0.01195204 0.01680447 0.02699978 0.02259006 0.01957031 0.02211263 0.02430230 0.02810764 0.02419705 0.02407444 0.01954102 0.02232205 0.03245877 0.03312391 0.03644314 0.03041124 0.03234375 0.02522027 0.02398546 0.01852214 0.01721029 0.01353950 0.01060113 0.01175781 0.00903971 0.01092339 0.00879232 0.00855686 0.00941406 0.01064887 0.01545681 0.00874457 0.01031901 0.01004666 0.01284397 0.00944336 0.00905599 0.00728190 0.00708442 0.01098633 0.01408529 0.01945204 0.02220920 0.02865017 0.03927300 0.03084744 0.02579102 0.01131076 0.01125651 0.00677843 0.00489149 0.00224718 0.00188694 0.00310004 0.00490668
7f15d319-36d724e0.jpg,0.5706142783164978,yolo_s,0.22859525680541992,5148424.0,0.01669271 0.01941732 0.01946181 0.00788954 0.00960178 0.02002604 0.02819010 0.02414280 0.01695530 0.01598090 0.01321072 0.01444553 0.01189019 0.01184462 0.01170030 0.01142578 0.01277127 0.01147678 0.01074978 0.01020182 0.01050239 0.01110460 0.01168728 0.01263021 0.01235894 0.01530056 0.01474284 0.01573676 0.01487630 0.01529839 0.01902995 0.02672201 0.05539497 0.04987630 0.06496094 0.04789171 0.05096137 0.03745877 0.02501302 0.02678168 0.01853407 0.02714844 0.01675456 0.01561740 0.01149414 0.00870443 0.00901476 0.00671984 0.00705295 0.00444119 0.00391710 0.00428711 0.00525933 0.00562609 0.00391927 0.00349175 0.00282986 0.00205838 0.00148546 0.00132813 0.00086806 0.00100369 0.00120985 0.00083008
7f1d11ea-fdf50000.jpg,0.4245319068431854,yolo_s,0.29823732376098633,5920334.0,0.00000000 0.00000000 0.00000000 0.00000000 0.00000000 0.00000109 0.00000434 0.00021050 0.00326172 0.01233507 0.01425781 0.04457899 0.07224175 0.05698893 0.04953559 0.04575955 0.05262912 0.03810330 0.03839735 0.03712348 0.03774957 0.03145291 0.02817274 0.02634874 0.02030490 0.01536024 0.00967339 0.00848090 0.00702908 0.00781901 0.00964952 0.01100586 0.01072700 0.01216580 0.01403646 0.01669813 0.02002279 0.01696615 0.00948785 0.01051975 0.00866645 0.01276584 0.01482422 0.01916992 0.01208876 0.00989692 0.00605035 0.00381402 0.00514540 0.00952474 0.02113281 0.02085612 0.02485243 0.01860026 0.00697266 0.00654839 0.00449219 0.00240451 0.00056424 0.00041450 0.00074002 0.00101020 0.00036567 0.00000000
7f1d11ea-fdf50001.jpg,0.5180937647819519,yolo_s,0.24506926536560059,5013354.0,0.00000000 0.00000000 0.00000000 0.00000000 0.00000326 0.00009115 0.00936957 0.01468750 0.01209852 0.01281467 0.00975152 0.02987305 0.04408854 0.03956706 0.04207899 0.04468859 0.05377713 0.04106988 0.03690213 0.03413086 0.03311523 0.03156684 0.02275933 0.01960286 0.01253581 0.01137370 0.01130425 0.01102756 0.00979167 0.01131727 0.02163411 0.02048720 0.02754557 0.01857422 0.02105360 0.02142578 0.02504340 0.02061306 0.01371419 0.01397244 0.00971029 0.00924479 0.00918077 0.01002062 0.01000543 0.01136502 0.01050456 0.00712131 0.00489583 0.00320312 0.00406576 0.00492622 0.00781467 0.00905816 0.01324653 0.02678928 0.01634983 0.01643338 0.00897461 0.00283529 0.00057943 0.00015842 0.00006619 0.00000000
7f2b8da2-00000000.jpg,0.5676839351654053,yolo_s,0.21628999710083008,4552967.0,0.00010091 0.00051324 0.00201172 0.00647678 0.01181315 0.02062174 0.02066840 0.01691623 0.01617622 0.01639648 0.01612847 0.01687391 0.01662977 0.01583984 0.01626194 0.01748047 0.01888563 0.01847656 0.01859049 0.01651910 0.01475803 0.01380534 0.01313802 0.01804362 0.02877279 0.03617513 0.03286024 0.03601671 0.03391168 0.02946289 0.03623806 0.02978516 0.03765625 0.03175564 0.03888997 0.03410699 0.03059028 0.02565647 0.02132161 0.01934245 0.01347439 0.01268555 0.00964952 0.00942925 0.00594835 0.00436415 0.00456163 0.00407010 0.00301975 0.00262587 0.00299479 0.00282878 0.00258789 0.00193576 0.00185872 0.00200846 0.00360786 0.02214410 0.02355577 0.01685438 0.00216688 0.00094944 0.00057075 0.00043945
7f3656b9-ef39e56d.jpg,0.7083882689476013,yolo_s,0.22945833206176758,4975635.0,0.05942817 0.01591797 0.00572591 0.00563802 0.02600911 0.03707791 0.04412218 0.04680773 0.03345378 0.03457140 0.01999674 0.02082140 0.01810330 0.01840061 0.01751085 0.01802300 0.02326280 0.02254883 0.02430339 0.02129340 0.01939670 0.02062717 0.02063911 0.02282878 0.02124240 0.02207031 0.01507595 0.01174913 0.00732639 0.00549805 0.00504015 0.00467448 0.00604167 0.00583225 0.00804145 0.00760417 0.00832791 0.01207031 0.01331814 0.02333225 0.01832791 0.02633247 0.01450738 0.02252604 0.01266276 0.01511502 0.01413628 0.01297418 0.01146267 0.00853516 0.01090169 0.00826931 0.00975694 0.01231120 0.00871202 0.00423937 0.00228407 0.00218859 0.00196289 0.00212999 0.00177409 0.00165473 0.00342773 0.00005425
7f3aaedc-2e9794e9.jpg,0.5749024748802185,yolo_s,0.25459718704223633,5082324.0,0.00003038 0.00010200 0.00020182 0.00036024 0.00069770 0.00206814 0.00605252 0.01052300 0.01019748 0.01410699 0.02216363 0.02940213 0.03911675 0.04430556 0.03925130 0.03190647 0.02953125 0.02653320 0.02578668 0.03654297 0.03781793 0.04302300 0.03318468 0.03987522 0.03959310 0.02942166 0.02721246 0.02199219 0.01842122 0.01438911 0.01361437 0.01126194 0.01052083 0.01011936 0.00711914 0.00657118 0.00634006 0.00488390 0.00560113 0.00581380 0.00516819 0.00445421 0.00397027 0.00374349 0.00344510 0.00346897 0.00364258 0.00370768 0.00381076 0.00424479 0.00722331 0.02217231 0.01799371 0.01905924 0.01559028 0.01057617 0.01877604 0.02307943 0.03097005 0.01796332 0.01669813 0.00386719 0.00069770 0.00002062
7f3e29de-694ee983.jpg,0.5348169803619385,yolo_s,0.23317861557006836,4814075.0,0.00003038 0.00008898 0.00016059 0.00033095 0.00094076 0.00256619 0.00531250 0.00926432 0.01038411 0.01326280 0.01188802 0.01176758 0.01071181 0.01094401 0.01234484 0.01355577 0.01766602 0.01761285 0.02386502 0.02256836 0.02593750 0.02815430 0.03485243 0.03909180 0.03329861 0.02952474 0.01653429 0.01493707 0.01007704 0.00828451 0.00731011 0.00566840 0.00619141 0.00509332 0.00566189 0.00622613 0.00783854 0.01043620 0.01161567 0.01518880 0.01160807 0.01082357 0.00724501 0.00638346 0.00451606 0.00790582 0.01728516 0.02657769 0.03855794 0.03175022 0.04367730 0.04706489 0.04747830 0.04703125 0.03612196 0.03934896 0.03147569 0.01293077 0.00372070 0.00494575 0.00374674 0.00153971 0.00076389 0.00031250
7f92cc43-edf59deb.jpg,0.32697832584381104,yolo_s,0.2152421474456787,4567737.0,0.00000000 0.00000000 0.00000000 0.00000000 0.00000000 0.00000000 0.00000000 0.00000000 0.00000000 0.00000000 0.00000000 0.00000000 0.00000000 0.00000000 0.00000000 0.00000000 0.00000000 0.00000000 0.00000000 0.00000000 0.00000000 0.00000651 0.00004015 0.00015191 0.00038845 0.00080404 0.00110460 0.00120443 0.00125326 0.00179470 0.00223850 0.00217773 0.00297852 0.00341363 0.00457791 0.00459093 0.00555990 0.00599935 0.00617839 0.00725477 0.00687826 0.00809136 0.00802409 0.00865668 0.00748589 0.00773437 0.00797526 0.00751411 0.00814128 0.00749891 0.00726671 0.00655490 0.00638997 0.00672635 0.00645725 0.00754883 0.00808485 0.01259874 0.01526259 0.01956814 0.01816623 0.01265516 0.02125434 0.72174805
7f9b5613-3947db2f.jpg,0.6544378995895386,yolo_s,0.22548508644104004,4939136.0,0.00988173 0.00642578 0.02518121 0.04900825 0.06662543 0.07388346 0.06253147 0.07056207 0.05949870 0.05228407 0.04923177 0.03784505 0.02805230 0.02429036 0.02667101 0.01752930 0.01596897 0.01391927 0.01136502 0.01093967 0.01018012 0.01137804 0.01115234 0.01238715 0.01283312 0.01530599 0.01150608 0.00855252 0.00800347 0.00739909 0.00686632 0.00678277 0.00577582 0.00586480 0.00651584 0.00588867 0.00382595 0.00319661 0.00295681 0.00224609 0.00201497 0.00206380 0.00196615 0.00242296 0.00162869 0.00117296 0.00099935 0.00127496 0.00124674 0.00114583 0.00112630 0.00143989 0.00150608 0.00152886 0.00135417 0.00149089 0.00156684 0.00155707 0.00137044 0.00144206 0.00153103 0.00214952 0.00372396 0.09196398
7ff455ce-00000000.jpg,0.6335498690605164,yolo_s,0.27190518379211426,5215807.0,0.00256185 0.00791016 0.00856662 0.01023003 0.01956814 0.03068142 0.03040690 0.03948351 0.03417969 0.03132812 0.02255642 0.02139648 0.02394206 0.02962348 0.02944661 0.03093859 0.03296549 0.03334093 0.03138021 0.02632704 0.02652995 0.02594727 0.02742730 0.03134440 0.02501085 0.02106337 0.01737956 0.02066298 0.02192817 0.01870117 0.01763129 0.01792318 0.01851563 0.01511719 0.01430773 0.01172526 0.01108181 0.00823025 0.00447157 0.00251519 0.00185221 0.00151259 0.00165365 0.00170356 0.00152778 0.00191406 0.00171441 0.00119466 0.00068685 0.00060655 0.00079319 0.00239583 0.00794596 0.00835069 0.01148329 0.01413086 0.01177300 0.01657552 0.01593641 0.01728950 0.01742079 0.00718099 0.00000977 0.00000000
802a25f8-ebab0cb7.jpg,0.624160647392273,yolo_s,0.23754501342773438,4893176.0,0.00005534 0.00009549 0.00103624 0.00461046 0.00812934 0.01188585 0.01996962 0.02388780 0.01989909 0.02171549 0.02040256 0.02490234 0.02563585 0.02582140 0.02688043 0.02398220 0.02752279 0.02456597 0.02866211 0.02600260 0.02569336 0.02616970 0.02255100 0.02568902 0.02254666 0.02732856 0.02188694 0.02452582 0.01995334 0.02100694 0.01983724 0.01896593 0.02370660 0.02283854 0.02125760 0.01359158 0.01166992 0.00912326 0.00723090 0.00729818 0.00617947 0.00632813 0.00510308 0.00467556 0.00393555 0.00390625 0.00375109 0.00390408 0.00415799 0.00377170 0.00436957 0.00417318 0.00506944 0.00659505 0.00717448 0.01066840 0.01498589 0.02140951 0.02764540 0.03532552 0.02489692 0.01789931 0.01502713 0.00051324
802fc65c-d32f4149.jpg,0.0,yolo_s,0.24692440032958984,5173448.0,0.00000868 0.00009223 0.00142144 0.02263997 0.06583767 0.08371202 0.04924913 0.03323025 0.02984049 0.02320638 0.02257161 0.03171549 0.04060547 0.03903429 0.03879123 0.03804145 0.03620443 0.03519965 0.03168511 0.03391602 0.03266168 0.03754340 0.03112847 0.03233073 0.03145399 0.03559245 0.04122287 0.02381076 0.01391602 0.01013889 0.00664062 0.00449761 0.00526693 0.00350152 0.00297092 0.00297852 0.00280924 0.00316081 0.00167969 0.00144314 0.00140842 0.00129232 0.00117079 0.00118273 0.00103516 0.00097005 0.00092665 0.00079644 0.00061523 0.00045790 0.00032878 0.00020182 0.00019206 0.00014106 0.00013021 0.00010525 0.00010417 0.00012153 0.00012587 0.00016276 0.00019748 0.00030165 0.00068034 0.00560004
8082ea05-1a7bf2c4.jpg,0.5390881299972534,yolo_s,0.2429056167602539,5133409.0,0.00213867 0.00326714 0.01670898 0.01603950 0.01395074 0.01001411 0.01319770 0.01117187 0.00722331 0.00740017 0.00666558 0.00797960 0.00964301 0.01527127 0.02107096 0.02217882 0.03531467 0.03474718 0.03760634 0.03212782 0.03087240 0.03114800 0.02436957 0.02511502 0.02388129 0.02666992 0.02345703 0.02446072 0.02359484 0.02541124 0.02783963 0.02242079 0.02207357 0.01768446 0.02188477 0.02478190 0.02801432 0.03318034 0.02817057 0.03328559 0.02456597 0.02828342 0.01870551 0.01939996 0.01338542 0.01403320 0.00942057 0.00465278 0.00340169 0.00237196 0.00227973 0.00173828 0.00163086 0.00259766 0.00319119 0.00371745 0.00103299 0.00081489 0.00059896 0.00053060 0.00060438 0.00065321 0.00026910 0.00008681
808ff399-54ea36d7.jpg,0.5510482788085938,yolo_s,0.2488539218902588,5140673.0,0.00030056 0.00080187 0.00427409 0.01051975 0.02617839 0.04106228 0.04458984 0.06607313 0.05988281 0.06431098 0.04393121 0.03719510 0.02913411 0.02427843 0.02167752 0.01793077 0.01786458 0.01564453 0.01715820 0.01789388 0.01910590 0.02094076 0.02067600 0.02234701 0.02131402 0.02291667 0.01989149 0.01971246 0.01862305 0.01853841 0.01766927 0.01451931 0.01432292 0.01059462 0.01074436 0.00990885 0.00971246 0.00825195 0.00696615 0.00757487 0.00525933 0.00385959 0.00327365 0.00319987 0.00264974 0.00260742 0.00257595 0.00247830 0.00276150 0.00263238 0.00234484 0.00209961 0.00235894 0.00284614 0.00320421 0.00291450 0.00254883 0.00295790 0.00290473 0.00273655 0.00279188 0.00290039 0.00466254 0.05639865
808ff399-79b2c310.jpg,0.5731544494628906,yolo_s,0.2648344039916992,5615891.0,0.00002279 0.00006185 0.00039931 0.00027778 0.00060438 0.00355143 0.02806749 0.02035482 0.01117079 0.01699436 0.02136285 0.02954753 0.02884223 0.02854601 0.02936849 0.02614692 0.02701606 0.02355035 0.02342990 0.01943576 0.01597873 0.01531576 0.01375109 0.01350477 0.01210286 0.01401042 0.01245009 0.01377604 0.01450955 0.01564019 0.01741428 0.01587999 0.01818359 0.01509440 0.01824544 0.01648112 0.01710720 0.02096571 0.01890408 0.02909071 0.02040039 0.02328559 0.01485352 0.01215929 0.00847439 0.00860352 0.00646593 0.00444661 0.00463433 0.00514974 0.00660156 0.00686523 0.01092339 0.01323785 0.01781033 0.02834744 0.02324327 0.03577908 0.03135091 0.03431207 0.01545898 0.00022135 0.00009766 0.00012044
808ff399-ad8116e6.jpg,0.7185314297676086,yolo_s,0.22833752632141113,4765735.0,0.00382704 0.00338542 0.00461155 0.01875543 0.02520616 0.04000326 0.04434896 0.04796332 0.02577691 0.02574327 0.02143772 0.02194661 0.01724067 0.01561306 0.01639865 0.01609049 0.01853082 0.01694336 0.01800564 0.01680773 0.01485243 0.01495551 0.01389323 0.01394640 0.01196181 0.01239692 0.01114909 0.01166558 0.01039822 0.01064670 0.01087674 0.01100369 0.01360243 0.01096137 0.01287109 0.01337348 0.01148546 0.00995985 0.00917426 0.00932726 0.00806749 0.00881402 0.00788194 0.00867188 0.00853082 0.00964193 0.01156576 0.01067925 0.01546875 0.01570855 0.02419705 0.03187283 0.04581163 0.04256944 0.02273329 0.01612305 0.00474826 0.00111545 0.00089952 0.00111871 0.00142687 0.00186632 0.00377713 0.03957248
808ff399-cc0e1d16.jpg,0.5534785389900208,yolo_s,0.23505783081054688,4974596.0,0.00003147 0.00007378 0.00063151 0.00459852 0.04541450 0.02856120 0.03006944 0.02687609 0.02622070 0.04363932 0.04708116 0.06249783 0.05184353 0.04072591 0.03600803 0.02943576 0.03252170 0.02593641 0.02939453 0.02371528 0.02061632 0.01821398 0.01775825 0.01719401 0.01285048 0.01215278 0.00999023 0.01041450 0.01027995 0.01043945 0.01162435 0.00915799 0.00992730 0.00711372 0.00741428 0.00711372 0.00752279 0.00805339 0.00677192 0.00794488 0.00566298 0.00608507 0.00452691 0.00459527 0.00462131 0.00402886 0.00412977 0.00347222 0.00320095 0.00296441 0.00413194 0.00423177 0.00438151 0.00729167 0.00847222 0.00984266 0.00396159 0.00644531 0.00873264 0.00874457 0.01549805 0.01358398 0.02722331 0.02634006
808ff399-d8e0068e.jpg,0.4767250418663025,yolo_s,0.23673701286315918,4943896.0,0.00001194 0.00007921 0.00057075 0.00270399 0.01871745 0.04636176 0.04904405 0.04255642 0.03288303 0.03267904 0.02546984 0.02662326 0.02306207 0.02087565 0.02223307 0.02143012 0.02704319 0.02689128 0.03040256 0.02907444 0.03072049 0.03086046 0.02877930 0.02754557 0.02282118 0.02347114 0.01948351 0.02161350 0.01957682 0.01828342 0.01744575 0.01249566 0.01362739 0.01081597 0.00996311 0.00860460 0.00880425 0.00944119 0.00977322 0.01182183 0.00908203 0.00916016 0.00651584 0.00736437 0.00569553 0.00541775 0.00571072 0.00508464 0.00475477 0.00362088 0.00306424 0.00218316 0.00129015 0.00101454 0.00106120 0.00152886 0.00227756 0.00297418 0.00347548 0.00412109 0.00830729 0.00764865 0.00941840 0.05456706
808ff399-edf24092.jpg,0.5390552878379822,yolo_s,0.23890304565429688,4996203.0,0.00000000 0.00000434 0.00000434 0.00000651 0.00000977 0.00043620 0.00051324 0.00187283 0.00248155 0.00335937 0.00579644 0.00966688 0.02620768 0.03201606 0.04296115 0.04472005 0.04060981 0.03860569 0.03702908 0.04578016 0.04637912 0.05128581 0.04154839 0.04172526 0.03836263 0.03389648 0.03287218 0.02692166 0.02397895 0.02244792 0.02099935 0.02092990 0.02065213 0.02027669 0.02001953 0.01902886 0.01698025 0.01586046 0.01486654 0.01379123 0.01272461 0.01050239 0.00894423 0.00678928 0.00591254 0.00446072 0.00388129 0.00356988 0.00319553 0.00295247 0.00277452 0.00294813 0.00312717 0.00420790 0.00390516 0.00424805 0.00340278 0.00341905 0.00309136 0.00289280 0.00317166 0.00283854 0.00300673 0.01912869
80985724-bc3fece0.jpg,0.5665614008903503,yolo_s,0.285402774810791,5883896.0,0.00037977 0.00872613 0.03177300 0.02611111 0.02201714 0.02114692 0.02224501 0.02288737 0.02322266 0.02320855 0.01834310 0.02902235 0.03193359 0.03125651 0.02769097 0.02487088 0.02648220 0.02266927 0.02688151 0.01885200 0.01596354 0.01548611 0.01306424 0.01313477 0.01236111 0.01546766 0.01349175 0.01364475 0.01400282 0.01721897 0.02077365 0.01745334 0.02572266 0.01955621 0.02121311 0.01565213 0.01533312 0.01647135 0.01625977 0.01862522 0.01552626 0.01784614 0.01645399 0.01596463 0.01160699 0.01087891 0.01009440 0.00878798 0.00978841 0.00834635 0.00874023 0.00770182 0.00769206 0.00715603 0.00598850 0.00589844 0.00438911 0.00471680 0.00525933 0.00600911 0.00498372 0.00596788 0.00715061 0.00243598
809e623c-00000000.jpg,0.8572830557823181,yolo_s,0.24219346046447754,5026049.0,0.00004340 0.00450629 0.02854384 0.03259874 0.04808811 0.05441840 0.03934896 0.03510742 0.03893772 0.03568468 0.02416450 0.02387804 0.02013455 0.02048394 0.01807617 0.01355469 0.01147461 0.00993924 0.00912109 0.00739692 0.00658746 0.00583442 0.00546984 0.00488824 0.00450846 0.00432726 0.00403863 0.00384223 0.00367730 0.00340278 0.00337999 0.00339410 0.01194010 0.01930230 0.04324110 0.02753798 0.03430122 0.03553385 0.03611979 0.04097114 0.03341797 0.03676324 0.02791558 0.03074436 0.01669488 0.02021050 0.01549696 0.01027995 0.00666558 0.00492188 0.00603624 0.00502496 0.00393989 0.00130534 0.00055881 0.00038520 0.00029514 0.00027886 0.00023112 0.00022135 0.00019857 0.00020074 0.00027235 0.00014106
80a9e37d-e4548ac1.jpg,0.690345287322998,yolo_s,0.22874021530151367,4642322.0,0.00017361 0.01505425 0.00286241 0.00101780 0.00096571 0.00117513 0.00226562 0.00419162 0.00473524 0.00677517 0.00836263 0.01195421 0.01670898 0.01392578 0.00965061 0.00757053 0.00588867 0.00468750 0.00474392 0.00662869 0.01378147 0.01821506 0.02330295 0.02162435 0.03287001 0.05254666 0.08288737 0.06574327 0.03494466 0.01648220 0.01743273 0.01583225 0.00875543 0.00428060 0.00295790 0.00225260 0.00212348 0.00239149 0.00805990 0.01361979 0.01360894 0.01645074 0.01901259 0.01261502 0.01782227 0.01964952 0.02753689 0.02650391 0.02018663 0.01649848 0.01353190 0.02487847 0.02909288 0.03711480 0.02152018 0.02874783 0.03020942 0.02568142 0.01456380 0.00723199 0.00419271 0.00206923 0.00152886 0.00030924
80b25f81-00000000.jpg,0.5602946281433105,yolo_s,0.2820160388946533,4812427.0,0.07022678 0.04774848 0.05840278 0.06524414 0.07437717 0.05836263 0.04777127 0.04393121 0.03762153 0.03763455 0.02976454 0.03021484 0.02489800 0.02002496 0.01970595 0.02401042 0.06258138 0.03676758 0.03426975 0.01894531 0.01571615 0.01411675 0.01293294 0.01467773 0.01256293 0.01375977 0.01025499 0.01119575 0.00816515 0.00535482 0.00501302 0.00335937 0.00289388 0.00247721 0.00241319 0.00187934 0.00161675 0.00136176 0.00130208 0.00119792 0.00096354 0.00098090 0.00087565 0.00078668 0.00062283 0.00057509 0.00052843 0.00050022 0.00048177 0.00042860 0.00048720 0.00048394 0.00046875 0.00043837 0.00046332 0.00045681 0.00043728 0.00040907 0.00043403 0.00044054 0.00050781 0.00065538 0.00107096 0.00174805
80c62ee8-636d6d0f.jpg,0.5672153830528259,yolo_s,0.29025983810424805,4780872.0,0.00031793 0.00293403 0.01278754 0.01846571 0.03361871 0.03296875 0.03412001 0.03254666 0.02676975 0.02534722 0.01995660 0.03041124 0.03003364 0.03081272 0.03198785 0.03223524 0.04111220 0.03391602 0.03552192 0.02774848 0.02368924 0.02303819 0.02082357 0.02350043 0.02209527 0.02286350 0.01741211 0.01898872 0.01632487 0.01610243 0.01782227 0.01602322 0.02053711 0.01392687 0.01317491 0.01059028 0.00910265 0.00721680 0.00585720 0.00565972 0.00670790 0.01072483 0.00766927 0.00868381 0.00635525 0.00682292 0.00639648 0.00593099 0.00535373 0.00535156 0.00425998 0.00312934 0.00314996 0.00375326 0.00323025 0.00360026 0.00324761 0.00349609 0.00196723 0.00185438 0.00124457 0.00148655 0.00214952 0.03507270
80c62ee8-6713b97e.jpg,0.5121663808822632,yolo_s,0.2844076156616211,4058706.0,0.00327582 0.00074978 0.00093967 0.00162435 0.00395182 0.01335503 0.02340603 0.02590820 0.01851128 0.01632595 0.01226780 0.01264431 0.01194444 0.01124023 0.01118598 0.01100911 0.01214301 0.01375217 0.01877604 0.01581923 0.01668077 0.01968967 0.01856120 0.02301649 0.02636719 0.03961589 0.03724718 0.04683377 0.04088650 0.04001411 0.04051975 0.03431207 0.03501302 0.02692166 0.02804687 0.02090278 0.02126519 0.02098524 0.01854167 0.02655165 0.01785373 0.02099501 0.01608398 0.01720595 0.01951714 0.01925673 0.01678277 0.00939345 0.00644857 0.00537652 0.00710069 0.00544813 0.00476345 0.00189128 0.00189019 0.00173286 0.00117405 0.00119032 0.00096680 0.00105903 0.00145942 0.00063368 0.00063260 0.00034071
80c62ee8-84822a04.jpg,0.5540207624435425,yolo_s,0.328249454498291,4719409.0,0.00015191 0.00128689 0.00650391 0.01017361 0.01944444 0.03824544 0.04606988 0.06001628 0.04390408 0.05221463 0.03848741 0.03269748 0.02405924 0.03180122 0.03114149 0.02080729 0.01906901 0.01783854 0.01907118 0.01924588 0.02001736 0.02070095 0.01971029 0.02042752 0.01653429 0.01693576 0.01322374 0.01363390 0.01248698 0.01230035 0.01210829 0.01061415 0.01274197 0.01104926 0.01186957 0.01020399 0.01050130 0.01408529 0.01172092 0.01137261 0.01168837 0.01525716 0.01662760 0.01778429 0.01175564 0.01313585 0.01567057 0.01643446 0.01529839 0.00941406 0.00791558 0.00669271 0.00493056 0.00290907 0.00207574 0.00231662 0.00170898 0.00227865 0.00343967 0.00263997 0.00171224 0.00094184 0.00085720 0.00204644
80c62ee8-939a36b4.jpg,0.4713122546672821,yolo_s,0.3189675807952881,4967639.0,0.00009223 0.00037760 0.00245443 0.00503147 0.01612413 0.02262912 0.03072591 0.03246202 0.03247721 0.04525499 0.03640625 0.03342990 0.02741862 0.03004232 0.03618924 0.04076063 0.04460069 0.03623264 0.04437717 0.03822700 0.03449653 0.02853190 0.01912218 0.01594076 0.01401476 0.01401042 0.01076389 0.01130642 0.00993490 0.00974826 0.00999566 0.00846897 0.00860677 0.00751845 0.00869900 0.00836480 0.00712457 0.00621094 0.00569878 0.00899414 0.01083876 0.01191298 0.01155056 0.01070204 0.00753472 0.00837023 0.00880642 0.00803168 0.00977648 0.00884549 0.00994900 0.01033203 0.01354167 0.01986979 0.01366319 0.01645399 0.00778646 0.00398980 0.00246853 0.00186089 0.00044379 0.00020074 0.00015082 0.00005425
80c62ee8-96e3f3bf.jpg,0.5282485485076904,yolo_s,1.0760550498962402,16414997.0,0.00001411 0.00004883 0.00126302 0.01125651 0.03348199 0.02960069 0.03372179 0.04883464 0.04690430 0.05335178 0.04309245 0.04172852 0.03580621 0.04073893 0.05118924 0.04240994 0.04221897 0.03841580 0.04300456 0.04365777 0.03417752 0.02583876 0.01789605 0.01563477 0.01253906 0.01213108 0.00978841 0.01008681 0.00900933 0.00832140 0.00779080 0.00660048 0.00758138 0.00700521 0.00675239 0.00536024 0.00546332 0.00550130 0.00386068 0.00314019 0.00239583 0.00221463 0.00190972 0.00211806 0.00219727 0.00232747 0.00218533 0.00179253 0.00159180 0.00142904 0.00131619 0.00114475 0.00113173 0.00103299 0.00093207 0.00103082 0.00096463 0.00109701 0.00115885 0.00146810 0.00172418 0.00227431 0.00375434 0.06558919
80c62ee8-9c3c737d.jpg,0.5837201476097107,yolo_s,0.31220531463623047,4686756.0,0.00035916 0.00373698 0.01111871 0.01109592 0.01991102 0.02380751 0.02135308 0.02065321 0.01944119 0.02908095 0.02328234 0.02744792 0.03021267 0.04198025 0.05206380 0.05110026 0.08871528 0.05233832 0.03932943 0.03312391 0.02897027 0.02632270 0.02077474 0.01888672 0.01658963 0.02004232 0.01771593 0.01912326 0.01513672 0.01314345 0.01224718 0.00905165 0.00754991 0.00594944 0.00602865 0.00456272 0.00426215 0.00443685 0.00402561 0.00468641 0.00384223 0.00392687 0.00333225 0.00368381 0.00370226 0.00356337 0.00297960 0.00230794 0.00233941 0.00294813 0.00457465 0.00827148 0.00719510 0.00568902 0.00383247 0.00474392 0.00417426 0.00612847 0.00899740 0.01260525 0.01396376 0.00705838 0.00623481 0.01424696
80c62ee8-b7c5abcc.jpg,0.5879908204078674,yolo_s,0.26173853874206543,3795217.0,0.00013672 0.00125977 0.00467990 0.01447808 0.01998047 0.02107964 0.02303928 0.03130642 0.02921224 0.03298611 0.02571289 0.03023220 0.02667426 0.02560438 0.02440430 0.02184570 0.02880642 0.02993815 0.03434353 0.03119141 0.02725477 0.02798394 0.02618381 0.03664388 0.03356662 0.03685764 0.02613064 0.02585286 0.02122504 0.01680990 0.01554253 0.01274197 0.01480252 0.01374240 0.01452691 0.01280382 0.01095703 0.00959201 0.00806532 0.00890191 0.00736979 0.00832682 0.00758789 0.00809136 0.00757378 0.00749457 0.00734592 0.00605035 0.00606011 0.00420790 0.00378364 0.00324544 0.00284288 0.00262804 0.00214952 0.00257053 0.00193793 0.00174262 0.00101997 0.00091580 0.00085720 0.00100586 0.00157118 0.04652344
80c62ee8-d2174278.jpg,0.48772314190864563,yolo_s,0.5063259601593018,8312174.0,0.00032010 0.00225803 0.00353407 0.00995660 0.02928060 0.02689887 0.03693359 0.05156576 0.03989041 0.05129232 0.04765842 0.05439128 0.03509657 0.02813260 0.02383030 0.02088325 0.02310981 0.02314128 0.02436849 0.01955404 0.01858073 0.01650174 0.01287218 0.01240234 0.01250868 0.01777452 0.01802951 0.02442817 0.02009766 0.01707357 0.01614041 0.01020616 0.01092773 0.01036024 0.01138346 0.00854167 0.00756076 0.00756619 0.00781684 0.01201063 0.00991536 0.01400065 0.00793620 0.01340495 0.01130751 0.00852431 0.00813477 0.00750000 0.01030490 0.01148112 0.01557834 0.01440972 0.00943576 0.00587674 0.00466363 0.00460178 0.00346354 0.00293077 0.00222982 0.00212348 0.00184028 0.00181641 0.00234592 0.00129449
80c62ee8-d23ef245.jpg,0.5371281504631042,yolo_s,0.2800624370574951,3787100.0,0.00009766 0.00309462 0.03303928 0.03694119 0.03588867 0.02713759 0.02848090 0.02215169 0.02305773 0.02872070 0.02283637 0.02682292 0.02828993 0.03217339 0.03064345 0.02768989 0.02580187 0.02049045 0.02160916 0.01824436 0.01821723 0.01836155 0.01648112 0.01530816 0.01190538 0.01222439 0.01065755 0.01195638 0.01153320 0.01228841 0.01278429 0.01139431 0.01280273 0.01197049 0.01323893 0.01253255 0.01254991 0.01366862 0.01288737 0.01504123 0.01291233 0.01482313 0.01382161 0.01494358 0.01168077 0.01168945 0.01086806 0.00938260 0.00963216 0.00869249 0.01240777 0.01373264 0.01291341 0.01078234 0.00742296 0.00862739 0.00792318 0.00919488 0.00887695 0.00815972 0.00850477 0.00544488 0.00637153 0.00017578
80c62ee8-ea922c80.jpg,0.6080514192581177,yolo_s,0.2537064552307129,4543446.0,0.00008138 0.00121419 0.01316189 0.02217014 0.03969076 0.05990451 0.07304796 0.06374891 0.04971788 0.05396593 0.04129449 0.04392904 0.03129449 0.02380100 0.01942057 0.01455946 0.01419596 0.01099935 0.01048069 0.00830295 0.00742839 0.00719184 0.00626411 0.00588759 0.00508789 0.00561198 0.00521593 0.00651693 0.00670030 0.00659831 0.00685547 0.00554796 0.00629991 0.00594076 0.00666775 0.00754774 0.00827365 0.00906250 0.00906576 0.01134332 0.01175456 0.01328125 0.01211372 0.01524414 0.01654405 0.01821832 0.01958984 0.01814453 0.02450629 0.02031901 0.01449870 0.00839193 0.00709418 0.00767687 0.01002387 0.01490126 0.01124674 0.01173503 0.00435981 0.00247287 0.00133464 0.00097222 0.00062934 0.00085720
80c69c6d-c504878b.jpg,0.7093924880027771,yolo_s,0.3711228370666504,5624253.0,0.00003689 0.00178277 0.00186632 0.00129774 0.00200412 0.01131402 0.03610569 0.06853733 0.04710829 0.03098850 0.01945855 0.02265734 0.01918186 0.01949978 0.01989692 0.01858615 0.02330512 0.02356337 0.02965712 0.03011502 0.02925347 0.02537326 0.02005208 0.01834201 0.01757378 0.02178928 0.01578451 0.01577474 0.01483073 0.01856120 0.02358398 0.01784397 0.02349935 0.01739041 0.02017904 0.01840603 0.02331706 0.02855469 0.01823676 0.01539388 0.01079536 0.00949544 0.00766168 0.00719401 0.00491862 0.00491211 0.00552626 0.00580729 0.00821832 0.00803711 0.00866428 0.00773980 0.00941840 0.00967882 0.00643880 0.00507161 0.00504774 0.00869575 0.00534397 0.00526367 0.00804253 0.00783420 0.00879557 0.00069553
80d076fe-4bba34cb.jpg,0.6871881484985352,yolo_s,0.32367777824401855,4346241.0,0.00007378 0.00342990 0.00411133 0.00586046 0.00463650 0.00727865 0.00913954 0.02124240 0.02140734 0.02805230 0.04719184 0.05744141 0.06851888 0.04424045 0.02947374 0.02671766 0.02453016 0.02449110 0.02331272 0.02057183 0.01611437 0.01191298 0.00924154 0.00778754 0.00743381 0.00756076 0.00749891 0.00786892 0.00800239 0.00831489 0.00862196 0.00841580 0.00908963 0.00956380 0.00947808 0.00971897 0.00984592 0.01017578 0.01060764 0.01059570 0.01051324 0.01091797 0.01106337 0.01159397 0.01189453 0.01213650 0.01217665 0.01220812 0.01365668 0.01481011 0.01578776 0.01630208 0.01627821 0.01710178 0.01727756 0.01503581 0.01464735 0.02469076 0.03613064 0.02770833 0.01056966 0.00533095 0.00254449 0.00005208
80d30cb7-c84ab346.jpg,0.48269030451774597,yolo_s,0.3664846420288086,6561080.0,0.00001411 0.00019531 0.01315321 0.03889323 0.06428711 0.04829210 0.05288303 0.08046766 0.05858724 0.06080621 0.04196940 0.04099609 0.03044054 0.02942708 0.02601671 0.02045139 0.01659831 0.01501519 0.01098524 0.00823893 0.00753038 0.00757487 0.00723090 0.00735786 0.00693142 0.00942817 0.00893229 0.00796766 0.00490126 0.00348850 0.00289605 0.00258789 0.00273437 0.00344401 0.01000109 0.01162218 0.01288086 0.01048720 0.00768229 0.01075304 0.00843641 0.00992405 0.00840712 0.00869900 0.00576280 0.00740017 0.00709201 0.00724826 0.01164605 0.01273329 0.01465386 0.01629015 0.01533637 0.01058485 0.00572157 0.00572374 0.00388455 0.00527995 0.00417209 0.00537760 0.00588759 0.00549805 0.00648763 0.00360243
80f308d1-e30a628d.jpg,0.43161049485206604,yolo_s,0.4241485595703125,6459579.0,0.00073242 0.00218207 0.00588433 0.01317600 0.01787760 0.02328776 0.03275608 0.04571723 0.04163086 0.05274631 0.04654514 0.04711914 0.04904839 0.05850586 0.06570095 0.04855143 0.04865560 0.03489149 0.02783312 0.01942166 0.01849175 0.01888672 0.01674588 0.01456706 0.01159180 0.01101128 0.00881619 0.00840278 0.00738281 0.00769531 0.00758464 0.00621962 0.00598199 0.00477105 0.00469293 0.00414171 0.00419162 0.00420573 0.00392144 0.00451172 0.00421875 0.00483941 0.00414388 0.00497396 0.00524197 0.00574436 0.00570095 0.00508464 0.00632813 0.00548828 0.00617513 0.00549913 0.00716471 0.00834310 0.00857530 0.00992079 0.00790690 0.00926324 0.00754123 0.00718533 0.00631944 0.00411350 0.00300998 0.00114041
810f57d0-00000000.jpg,0.5306919813156128,yolo_s,0.36493992805480957,4931506.0,0.00040799 0.00081923 0.00316623 0.00654948 0.01731554 0.02296224 0.02360460 0.02475152 0.02212240 0.02034722 0.02306424 0.04297201 0.04612413 0.04536133 0.04547635 0.03484375 0.04191840 0.02943359 0.03395508 0.02772786 0.01769857 0.01485460 0.01153754 0.00954536 0.00830621 0.00697483 0.00599501 0.00557943 0.00486545 0.00479384 0.00459744 0.00437066 0.00462240 0.00500434 0.00563368 0.00686740 0.00619575 0.00517470 0.00435764 0.00415582 0.00410373 0.00402778 0.00411024 0.00376302 0.00330946 0.00305773 0.00276150 0.00233941 0.00215495 0.00201931 0.00215278 0.00209527 0.00240668 0.01210503 0.01999240 0.04628472 0.04088650 0.14267687 0.04088650 0.00299805 0.00087131 0.00046875 0.00029188 0.00018229
8114e021-00000000.jpg,0.5315667390823364,yolo_s,0.26012277603149414,3713552.0,0.00001628 0.00005968 0.00020399 0.00150174 0.00310004 0.01126628 0.02424262 0.03261068 0.03136827 0.03240560 0.02907118 0.02932400 0.02903429 0.02751194 0.02675239 0.02488607 0.04084201 0.03911567 0.04768229 0.04401042 0.03839518 0.04212674 0.03549479 0.02531033 0.02020399 0.01789280 0.01505317 0.01662760 0.01400499 0.01537326 0.01851345 0.01752387 0.02012587 0.01670356 0.01848307 0.01276801 0.00965061 0.00996962 0.01021050 0.01400391 0.01158529 0.01692708 0.01540907 0.01725043 0.01344510 0.01196723 0.01163845 0.00813260 0.00831597 0.00539062 0.00445421 0.00360569 0.00195312 0.00159397 0.00150391 0.00148546 0.00096246 0.00052192 0.00024197 0.00010851 0.00003038 0.00000651 0.00002062 0.00000868
8119e56e-00000000.jpg,0.5738011002540588,yolo_s,0.25758981704711914,3961721.0,0.00060330 0.00725260 0.01306207 0.01104384 0.01456706 0.01415907 0.01342448 0.01405056 0.01365017 0.01936957 0.02600152 0.02637370 0.02342556 0.02264974 0.01971029 0.01815972 0.02095269 0.02219835 0.02270291 0.02176324 0.02101671 0.01997287 0.01642144 0.01508247 0.01513780 0.01815755 0.01753472 0.01928819 0.01978082 0.02490777 0.03174696 0.03063260 0.03117947 0.02251845 0.02419596 0.02126845 0.01867296 0.01722765 0.01168077 0.01134657 0.00810981 0.00801324 0.00523112 0.00543077 0.00490126 0.00507053 0.00664931 0.00756293 0.01196181 0.00801432 0.00996636 0.01197700 0.01055881 0.01021810 0.01122721 0.01580187 0.01861111 0.02070095 0.01908746 0.02265408 0.01702474 0.00650825 0.00153754 0.00029080
81333f19-00000000.jpg,0.6393126249313354,yolo_s,0.29292750358581543,4702869.0,0.01949436 0.06066081 0.14375868 0.09160916 0.12959852 0.09937826 0.07938694 0.04321398 0.02419705 0.01588108 0.00717339 0.00498264 0.00367296 0.00288954 0.00223633 0.00195095 0.00166016 0.00148003 0.00148220 0.00147678 0.00121745 0.00131185 0.00116102 0.00100803 0.00095161 0.00096788 0.00101128 0.00095812 0.00104492 0.00177951 0.00568576 0.00597005 0.01045356 0.00691949 0.00755751 0.00595161 0.00797743 0.00870660 0.00826714 0.00884223 0.00869141 0.01452908 0.01094401 0.01286133 0.00930556 0.01074870 0.00996528 0.00831163 0.00774740 0.00617947 0.00903429 0.00710938 0.00611979 0.00986762 0.00881510 0.00996202 0.00572157 0.00472548 0.00491319 0.00357856 0.00265191 0.00308485 0.00117839 0.00002713
816b1141-00000000.jpg,0.6273699998855591,yolo_s,0.2574954032897949,3828664.0,0.00000543 0.00003038 0.00321832 0.00622179 0.00782335 0.00865777 0.01488715 0.01940213 0.01753798 0.01681532 0.01590169 0.01925239 0.01924805 0.02259983 0.02434679 0.02645074 0.02948676 0.03624566 0.03646701 0.02854601 0.02608941 0.02709201 0.02479709 0.02410699 0.02127713 0.02283095 0.02121745 0.02034397 0.01764540 0.01725803 0.01641385 0.01674696 0.01808594 0.01776367 0.01918945 0.01462240 0.01754232 0.02195530 0.02105903 0.02687934 0.02828451 0.02696832 0.01989909 0.02012261 0.01471680 0.01747179 0.02114800 0.01433811 0.01268989 0.01435004 0.00929579 0.00571289 0.00449219 0.00393555 0.00318468 0.00266276 0.00241536 0.00268446 0.00192600 0.00146810 0.00128255 0.00276042 0.00173177 0.00039714
817bca71-00000000.jpg,0.4415993392467499,yolo_s,0.2516026496887207,3941884.0,0.00027344 0.00092231 0.00238824 0.00655165 0.00951063 0.01683702 0.03316515 0.02286024 0.02229384 0.02939453 0.02075629 0.01740234 0.01555990 0.02211480 0.04846680 0.03768338 0.03334418 0.02432617 0.03040473 0.03657769 0.04234484 0.03329970 0.02226128 0.01680990 0.01172201 0.01846137 0.02177192 0.02302626 0.02346354 0.02159505 0.02337240 0.01867839 0.02816623 0.02759006 0.02867187 0.02129015 0.02370443 0.01672092 0.01143989 0.01451714 0.00927951 0.01010200 0.00832248 0.00743924 0.00654188 0.00646267 0.00676215 0.00490343 0.00447049 0.00373915 0.00390625 0.00356337 0.00337891 0.00281576 0.00248698 0.00272352 0.00270074 0.00301324 0.00314562 0.00338216 0.00373047 0.00472331 0.00871853 0.00394748
817f730e-410c320c.jpg,0.6115659475326538,yolo_s,0.297027587890625,4958910.0,0.00005208 0.00024414 0.02656793 0.01727865 0.01410156 0.01075195 0.01031359 0.01162218 0.01319336 0.01743598 0.01609049 0.01998047 0.01847222 0.02079102 0.02862305 0.03008572 0.03419488 0.02932292 0.02948568 0.02495226 0.02586480 0.02708225 0.01837348 0.01692057 0.01685113 0.02139323 0.01602756 0.01596571 0.01540365 0.01456380 0.01428060 0.01283312 0.01553928 0.01458225 0.01841905 0.01841363 0.01875543 0.01810655 0.01712131 0.01869466 0.01518880 0.01748481 0.01675998 0.01876411 0.01818468 0.02243815 0.02116102 0.01838650 0.02123915 0.01587891 0.01400608 0.01033529 0.00918945 0.00792535 0.00617079 0.00652778 0.00410807 0.00411458 0.00360352 0.00334961 0.00308051 0.00375000 0.00489149 0.00470920
81a3df53-26d7a2c7.jpg,0.6502097845077515,yolo_s,0.2617661952972412,3840689.0,0.00038086 0.00160699 0.00316406 0.00681207 0.01577040 0.02392904 0.04288845 0.04982422 0.05197374 0.05408746 0.03441515 0.03475152 0.02538845 0.02341146 0.02208333 0.02237956 0.03181532 0.02986111 0.02772461 0.02001736 0.01544488 0.01356879 0.01055881 0.01071072 0.01014974 0.01424913 0.01273546 0.01339952 0.01185330 0.01192383 0.01266493 0.01333659 0.01836046 0.01764757 0.01904188 0.01563260 0.01444010 0.01287977 0.00972222 0.00951497 0.00858398 0.00978950 0.00844076 0.01017253 0.00876845 0.01051866 0.01148437 0.01063043 0.01180664 0.01207791 0.01328125 0.01105794 0.01021593 0.00989366 0.00881510 0.00943468 0.00926866 0.00861654 0.00577365 0.00493164 0.00492839 0.00332140 0.00365343 0.00441406
81a3df53-a7cf2d9b.jpg,0.8258348703384399,yolo_s,0.2709970474243164,4455433.0,0.00050239 0.00199870 0.00601888 0.01283746 0.02550239 0.03154188 0.03170356 0.03395074 0.02842556 0.02891927 0.02294922 0.02469510 0.02378906 0.02265842 0.02185981 0.01904405 0.02050998 0.01837240 0.02063802 0.02154188 0.02441840 0.02751845 0.02561632 0.02452365 0.02448134 0.02843424 0.02635742 0.03125217 0.02955404 0.02909505 0.02791124 0.02132378 0.01903429 0.01337240 0.01252930 0.01221137 0.01243598 0.01157986 0.00931532 0.00834961 0.00652778 0.00682292 0.00579319 0.00652886 0.00639431 0.00690321 0.00620985 0.00563260 0.00698459 0.00670356 0.00963759 0.00929796 0.00791016 0.00745660 0.00561415 0.00586806 0.00430230 0.00469401 0.00336697 0.00337999 0.00325846 0.00354384 0.00740885 0.02298720
81a749be-2291617d.jpg,0.7203442454338074,yolo_s,0.3510315418243408,5576402.0,0.00000217 0.00000109 0.00000977 0.00010417 0.00493164 0.01400608 0.01932292 0.01741211 0.02448568 0.02600694 0.03403646 0.04000868 0.05007161 0.06730686 0.07569336 0.06719727 0.04981228 0.03631619 0.02807509 0.03114800 0.02708008 0.01986220 0.01290799 0.00869900 0.00850694 0.00856771 0.00788845 0.00678928 0.00785265 0.00696289 0.00619792 0.00431315 0.00411241 0.00489041 0.00292426 0.00241645 0.00253906 0.00273329 0.00253581 0.00268229 0.00282444 0.00273003 0.00363498 0.00468859 0.00730143 0.00786567 0.01145399 0.01626411 0.02458333 0.03212131 0.02032661 0.02033746 0.00970920 0.01778320 0.01113173 0.02174805 0.01749240 0.01353299 0.00678277 0.00551324 0.00391385 0.00153537 0.00022135 0.00009332
81ae7cbb-6bc63a4a.jpg,0.3065887689590454,yolo_s,0.3106071949005127,4745227.0,0.00011176 0.00039605 0.00093316 0.00342773 0.00772352 0.00630534 0.00718859 0.00923069 0.00810438 0.00782444 0.00844401 0.00892687 0.00958984 0.00901259 0.00860460 0.00841905 0.00857422 0.00928168 0.01062609 0.01393229 0.01876736 0.02459527 0.02768012 0.02783312 0.02830187 0.02865126 0.03056424 0.03329102 0.03523112 0.03344293 0.04166558 0.03977973 0.03819444 0.04523220 0.03497830 0.03722114 0.02929796 0.03260634 0.02654080 0.02495443 0.03133355 0.02021701 0.02656359 0.03350803 0.02245877 0.01924479 0.02188477 0.01007378 0.00698459 0.00330946 0.00393880 0.00523763 0.00216146 0.00116970 0.00073351 0.00060547 0.00056641 0.00055447 0.00062826 0.00061740 0.00068793 0.00070855 0.00100152 0.00032444
81c893f6-127e8cb0.jpg,0.7334111332893372,yolo_s,0.31190013885498047,5286364.0,0.00000977 0.00004123 0.00009006 0.00114366 0.00264431 0.00342773 0.00600911 0.01375000 0.01790148 0.02152018 0.02465820 0.02301432 0.02310764 0.02156033 0.02315755 0.02313694 0.02492405 0.02747721 0.02982422 0.03000326 0.02720812 0.02619358 0.02128364 0.02215061 0.01975694 0.01780707 0.01659071 0.01570747 0.01550347 0.01428060 0.01440104 0.01389648 0.01479492 0.01627713 0.01445095 0.01540148 0.01473633 0.01495226 0.01580404 0.02021050 0.02694227 0.02436632 0.02304905 0.02822157 0.02598090 0.02214301 0.02105143 0.02500651 0.02705838 0.02398655 0.01885308 0.01177843 0.00581923 0.00437826 0.00401367 0.00385091 0.00329861 0.00264323 0.00385091 0.00435113 0.00398655 0.00753906 0.00795464 0.00106771
81cd9c75-00000000.jpg,0.7578740119934082,yolo_s,0.27533602714538574,3823110.0,0.03813802 0.02764323 0.04439345 0.03769965 0.03569336 0.02908529 0.02348524 0.02898112 0.02063911 0.01980252 0.01307726 0.01184679 0.01058919 0.01092231 0.01107205 0.01090169 0.01134006 0.01167752 0.01263563 0.01338867 0.01433594 0.01727105 0.01545681 0.01358832 0.01159505 0.01048828 0.00858724 0.00820855 0.00862305 0.01164280 0.01680339 0.02042101 0.02337674 0.02133355 0.02346246 0.02105686 0.01575955 0.01119575 0.00740451 0.02555664 0.02043077 0.02118273 0.01742947 0.02196072 0.01608507 0.01821615 0.01677517 0.01849175 0.02287977 0.02213867 0.02038520 0.02108398 0.00546441 0.00181207 0.00143663 0.00149848 0.00158746 0.00160048 0.00148763 0.00129557 0.00143989 0.00215820 0.00472331 0.00925673
81d5165d-fcfc6c67.jpg,0.6830199956893921,yolo_s,0.289994478225708,4534596.0,0.02402886 0.03166558 0.06187717 0.07202474 0.09924045 0.09542101 0.07624783 0.07031033 0.05900174 0.05876411 0.04708333 0.04049479 0.02831597 0.02410482 0.02029297 0.01734266 0.01599392 0.01358073 0.01204536 0.01060764 0.00943034 0.00823351 0.00757053 0.00676541 0.00543403 0.00484592 0.00410590 0.00372938 0.00325846 0.00289388 0.00277344 0.00250543 0.00232530 0.00222114 0.00216905 0.00218424 0.00187826 0.00165473 0.00150825 0.00152452 0.00137912 0.00126628 0.00126953 0.00129123 0.00117296 0.00123589 0.00119683 0.00110026 0.00113064 0.00115017 0.00105469 0.00109918 0.00115560 0.00121419 0.00120443 0.00124240 0.00128689 0.00140516 0.00160265 0.00195855 0.00275282 0.00268989 0.00373915 0.00994575
81ef1126-8b611993.jpg,0.764568030834198,yolo_s,0.31081080436706543,4855457.0,0.00000326 0.00007487 0.00150499 0.00046441 0.00049371 0.00065647 0.00076280 0.00103841 0.00177951 0.00776801 0.01070855 0.00509440 0.00712457 0.01418511 0.01901801 0.01669488 0.01664605 0.01816406 0.02061306 0.02718207 0.03479058 0.04228950 0.04170356 0.04670247 0.04618815 0.04488607 0.04308377 0.03817274 0.03264106 0.02891602 0.02996636 0.02879774 0.02955187 0.03600586 0.03522135 0.04764106 0.02893229 0.02045790 0.00950195 0.00680881 0.00566081 0.00474718 0.00445421 0.00426432 0.00380317 0.00362196 0.00370226 0.00377821 0.00381185 0.00421224 0.00574436 0.00833984 0.00856879 0.00750977 0.00567383 0.00523003 0.00430230 0.00485677 0.00485243 0.00533420 0.00953776 0.01203993 0.01823568 0.01548177
81f59cb8-3bfd8a02.jpg,0.8560397028923035,yolo_s,0.25888490676879883,3903372.0,0.00029731 0.00136610 0.00339193 0.01738173 0.02170573 0.03226237 0.04098958 0.03166450 0.03712782 0.04653646 0.06646593 0.04791450 0.03704427 0.02894097 0.02598850 0.02427734 0.02605252 0.02764865 0.02849718 0.02696615 0.02409071 0.02528103 0.02369358 0.02159397 0.02225152 0.02451172 0.02834418 0.02526259 0.02094618 0.01992079 0.01901801 0.01445095 0.01189887 0.01016168 0.00736979 0.00654405 0.00557183 0.00476454 0.00418403 0.00390191 0.00352539 0.00351780 0.00318793 0.00293620 0.00276150 0.00296441 0.00325521 0.00499132 0.00414171 0.00290039 0.00372613 0.00465929 0.00348958 0.00368815 0.00319119 0.00229058 0.00192057 0.00124349 0.00090495 0.00097765 0.00130100 0.00167752 0.00235569 0.03811089
821e597a-b29f6f56.jpg,0.6470219492912292,yolo_s,0.28105807304382324,4452381.0,0.00007595 0.00774414 0.00474067 0.00486762 0.00602973 0.01133247 0.01387804 0.01895074 0.02586589 0.03234484 0.03594401 0.03347548 0.02920030 0.02440972 0.02051432 0.01791450 0.01586372 0.01609266 0.01614909 0.02574002 0.02749457 0.02662543 0.02042752 0.01689562 0.01418403 0.01309136 0.01184028 0.01166341 0.01055881 0.01003798 0.00988715 0.00892361 0.00790690 0.00639974 0.00594835 0.00551432 0.00512478 0.00512912 0.00515516 0.00530599 0.00542426 0.00577799 0.00614258 0.00671224 0.00725369 0.00730252 0.00794922 0.00879232 0.00970269 0.01060330 0.01083550 0.01246636 0.01349609 0.01736871 0.02649306 0.04332357 0.03532661 0.02116102 0.05367405 0.04993598 0.02650065 0.01598633 0.00834418 0.00017904
8221f03e-7a27e32f.jpg,0.6471418738365173,yolo_s,0.28723597526550293,4401905.0,0.00036784 0.00533746 0.01418403 0.02415148 0.02405924 0.03497830 0.04314128 0.05534831 0.06611979 0.06639757 0.05260742 0.04572374 0.04446615 0.03823893 0.03920898 0.03470161 0.02973090 0.02848090 0.02697808 0.02516602 0.01879123 0.01735569 0.01422852 0.01239041 0.01123806 0.01041992 0.00971571 0.00901042 0.00851345 0.00771484 0.00762370 0.00706163 0.00657010 0.00625000 0.00587240 0.00547418 0.00498589 0.00421549 0.00374783 0.00323134 0.00300456 0.00299045 0.00277344 0.00227756 0.00208767 0.00196181 0.00186089 0.00179470 0.00164497 0.00153754 0.00146050 0.00148546 0.00153103 0.00156684 0.00159939 0.00161675 0.00164931 0.00169813 0.00193251 0.00207031 0.00235460 0.00375217 0.00942817 0.07212240
823de5ee-76f16e21.jpg,0.756402313709259,yolo_s,0.4302077293395996,7718303.0,0.00292752 0.01161458 0.02105469 0.01114149 0.01087240 0.01234484 0.00977105 0.00925239 0.01646701 0.03647135 0.02411241 0.02429796 0.02543511 0.03434787 0.04280165 0.03689670 0.03779948 0.03178819 0.02881619 0.02188911 0.02305122 0.02812609 0.02953776 0.02967014 0.02697157 0.03065647 0.02142036 0.02315538 0.02263021 0.02489800 0.02547418 0.01999240 0.02395942 0.01908203 0.01587348 0.01036567 0.00963542 0.00900933 0.00866211 0.00921224 0.00681858 0.00574219 0.00475694 0.00494900 0.00436089 0.00454753 0.00445095 0.00437934 0.00494249 0.00437826 0.00427517 0.00402886 0.00422743 0.00448459 0.00430990 0.00634223 0.00516385 0.00645074 0.00555230 0.00483073 0.00388455 0.00311198 0.00331380 0.02921224
8252b2c1-bb5d30ee.jpg,0.5553528070449829,yolo_s,0.4124329090118408,5842453.0,0.00001302 0.00541233 0.00951714 0.00445747 0.02878255 0.03126085 0.03527561 0.04150933 0.04206923 0.03281250 0.04589410 0.04875326 0.04750977 0.02899197 0.03063477 0.03564236 0.03708333 0.03946181 0.03448568 0.04005317 0.02691949 0.02398437 0.01768555 0.01293728 0.01130751 0.00926975 0.00799696 0.00677626 0.00593859 0.00523980 0.00473633 0.00434896 0.00424154 0.00417426 0.00417752 0.00411567 0.00439453 0.00500109 0.00545790 0.00539171 0.00722439 0.00584310 0.00779405 0.00834635 0.01082791 0.00953776 0.01305230 0.01106011 0.01180339 0.01212782 0.01144531 0.01355143 0.00941840 0.01161458 0.00870551 0.01122070 0.00920247 0.00544705 0.00354818 0.00268012 0.00399089 0.00549154 0.00365343 0.00869792
82773ffe-00000000.jpg,0.6248517632484436,yolo_s,0.31062960624694824,4553577.0,0.00098850 0.00511502 0.01219510 0.01141602 0.01327040 0.01372830 0.01171115 0.01115126 0.01121094 0.01164062 0.01161567 0.01242296 0.01369032 0.01387044 0.01487305 0.01522786 0.01662001 0.01492730 0.01455187 0.01402778 0.01520616 0.01606228 0.01668077 0.01962348 0.02451280 0.04087674 0.04000109 0.04996853 0.05204644 0.04747613 0.05526042 0.04057617 0.04814887 0.03544705 0.04449870 0.03215061 0.02779080 0.02231988 0.01859592 0.02042535 0.01277561 0.01233724 0.00835178 0.00527452 0.00350586 0.00228733 0.00128364 0.00091471 0.00079970 0.00072917 0.00066298 0.00069444 0.00069336 0.00081380 0.00096029 0.00202040 0.00189019 0.00119466 0.00075304 0.00076823 0.00091580 0.00110243 0.00235894 0.02498915
8281391f-ef418c63.jpg,0.8464580774307251,yolo_s,0.3230245113372803,5316698.0,0.00054905 0.01354275 0.00443793 0.00403971 0.00398220 0.00528646 0.00841580 0.03143338 0.05856879 0.07428819 0.09414931 0.05183811 0.05121094 0.04107964 0.03451172 0.02830404 0.01890516 0.01835503 0.01769748 0.01666233 0.01577908 0.01578993 0.01389214 0.01287977 0.01395399 0.01382704 0.01373806 0.01280056 0.01223090 0.01167752 0.01211914 0.01153429 0.01109701 0.01072266 0.01058702 0.01148655 0.01305230 0.01270833 0.01084744 0.01158746 0.01269097 0.01329210 0.01282444 0.01623264 0.01570855 0.01192383 0.00649957 0.00477214 0.00406359 0.00357856 0.00345161 0.00340712 0.00323568 0.00389323 0.00496202 0.00573459 0.00663086 0.00623481 0.00504449 0.00530924 0.00487739 0.00283637 0.00302843 0.01019857
828e4923-8719e8b7.jpg,0.679940938949585,yolo_s,0.3275458812713623,4931995.0,0.00000000 0.00509983 0.02251628 0.01882704 0.02211480 0.01507921 0.02108832 0.02317274 0.02333659 0.02671766 0.02677626 0.03582899 0.03080838 0.02740234 0.02645074 0.02543511 0.03119358 0.02671007 0.02663194 0.02512695 0.02381619 0.02400174 0.02104167 0.02027669 0.01777452 0.01933485 0.01837131 0.02104167 0.02007812 0.02008789 0.02028429 0.01807292 0.01853950 0.01580078 0.01619249 0.01383572 0.01287218 0.01138455 0.00983073 0.01385200 0.01599175 0.02131619 0.01607205 0.02220269 0.01751845 0.01694987 0.01717990 0.01694227 0.01218750 0.00606988 0.00407552 0.00223524 0.00204210 0.00174262 0.00124783 0.00145616 0.00088108 0.00108181 0.00124240 0.00102648 0.00106228 0.00144097 0.00068793 0.00054036
829b22cf-00000000.jpg,0.5596248507499695,yolo_s,0.326857328414917,5473619.0,0.00249349 0.02860786 0.03089735 0.01293403 0.00400282 0.00407227 0.00567708 0.00652235 0.00921875 0.00807943 0.00711806 0.00641385 0.00596680 0.00660156 0.00715061 0.00847765 0.01041016 0.01103733 0.01178385 0.01029622 0.01111328 0.01247287 0.01303602 0.01623481 0.01509874 0.01411024 0.01399957 0.01332465 0.01207357 0.01360677 0.02705838 0.03432400 0.04747179 0.03237196 0.03991319 0.03472331 0.03556749 0.03375868 0.03077582 0.03301758 0.02357530 0.02677626 0.02179688 0.01958333 0.01658529 0.01755859 0.01845812 0.01991211 0.02241211 0.01916775 0.02344510 0.01915799 0.01303277 0.01035048 0.01041233 0.01133464 0.00784071 0.00452148 0.00274089 0.00190538 0.00142687 0.00154514 0.00299262 0.00165365
82ad9d1c-1a5212c8.jpg,0.6951133608818054,yolo_s,0.424724817276001,6011032.0,0.00088108 0.01810764 0.02679362 0.01390625 0.02615126 0.02346680 0.02735135 0.02384223 0.01782661 0.01586697 0.01217665 0.01677192 0.01620877 0.01577365 0.01580295 0.01333659 0.01387370 0.01215061 0.01299696 0.01249240 0.01282010 0.01412869 0.01378147 0.01531793 0.01488607 0.01609592 0.01591363 0.02769857 0.02995009 0.03025174 0.04085829 0.03296224 0.04968099 0.03659505 0.04098307 0.02832574 0.02747938 0.02653754 0.01969944 0.02148220 0.01559136 0.01619683 0.00977648 0.01095703 0.00753906 0.00730903 0.00641493 0.00526259 0.00563368 0.00436632 0.00457682 0.00282878 0.00301758 0.00305881 0.00316406 0.00385525 0.00402886 0.00580404 0.00601563 0.00572374 0.00372830 0.00360677 0.00644531 0.00387261
82af45bd-00000000.jpg,0.5695374011993408,yolo_s,0.35612988471984863,5305467.0,0.00012370 0.00052517 0.00124023 0.00392470 0.02183702 0.04518229 0.04915799 0.04924913 0.04009874 0.04208116 0.03591363 0.02937500 0.02068251 0.01673177 0.01597331 0.01501845 0.01802951 0.01793077 0.02520616 0.03048937 0.02621094 0.02984375 0.02864909 0.03648329 0.03586155 0.06004123 0.04412109 0.03068902 0.01766602 0.01447266 0.01068359 0.00817274 0.00676649 0.00486328 0.00398655 0.00329427 0.00339410 0.00314128 0.00233290 0.00212891 0.00213108 0.00234918 0.00214193 0.00249349 0.00312826 0.00324002 0.00359918 0.00455621 0.00463216 0.00526150 0.00577799 0.00557617 0.00710720 0.00985135 0.00774197 0.00897352 0.00984049 0.01437066 0.01629666 0.01464627 0.01005100 0.00422743 0.00042969 0.00000326
82b5764d-00000000.jpg,0.4761768877506256,yolo_s,0.3446483612060547,4878345.0,0.00002279 0.00004774 0.00017470 0.00034614 0.00077474 0.00264974 0.00838867 0.01115777 0.00991970 0.01193576 0.01206272 0.01195964 0.01118924 0.01109701 0.01234918 0.01156684 0.01173286 0.01175239 0.01471897 0.01435330 0.01539280 0.01499566 0.01393012 0.01379449 0.01205946 0.01075087 0.00943793 0.00976562 0.01065538 0.01302734 0.01735026 0.01786675 0.02013889 0.01879883 0.02321289 0.02898329 0.04476237 0.05016927 0.04789714 0.05700304 0.04604058 0.06150391 0.04430339 0.05065213 0.03885417 0.04013780 0.04133138 0.01998155 0.00944119 0.00364800 0.00324653 0.00349935 0.00333333 0.00252930 0.00198676 0.00190755 0.00174045 0.00168620 0.00187066 0.00157227 0.00090929 0.00079970 0.00069553 0.00013672
82d184d4-00000000.jpg,0.6760491132736206,yolo_s,0.2517814636230469,4083912.0,0.00042535 0.00139214 0.00462457 0.00636393 0.00780707 0.00948025 0.01090386 0.01386936 0.01373698 0.01333442 0.01130968 0.00980686 0.00822049 0.00727431 0.00647027 0.00601997 0.00621202 0.00592122 0.00584961 0.00552409 0.00566081 0.00585286 0.00565647 0.00606337 0.00684679 0.00903646 0.00965278 0.01837023 0.01999891 0.01964518 0.02485677 0.03089193 0.04030165 0.03800456 0.04319770 0.03987630 0.04704427 0.05273003 0.04797852 0.05013346 0.02561306 0.02813911 0.02627821 0.02763021 0.02201280 0.01974826 0.01737413 0.01772352 0.02008247 0.01732422 0.01833116 0.01397244 0.01232747 0.00967882 0.00723850 0.00644206 0.00729818 0.00525608 0.00391493 0.00327908 0.00285482 0.00308377 0.00357530 0.00447591
82ef176d-00000000.jpg,0.70569908618927,yolo_s,0.2778503894805908,4499866.0,0.00008464 0.00176432 0.00791450 0.02164931 0.04743490 0.05194444 0.06591471 0.05677734 0.04890734 0.05545464 0.04327257 0.04738607 0.04285482 0.04093099 0.03952365 0.02990451 0.02794162 0.01935655 0.01525065 0.00932834 0.00759223 0.00575521 0.00413954 0.00309896 0.00267795 0.00310004 0.00280273 0.00235569 0.00184462 0.00148438 0.00135851 0.00120768 0.00119466 0.00120768 0.00114041 0.00106879 0.00099501 0.00085938 0.00075521 0.00066298 0.00059896 0.00050239 0.00058160 0.00224067 0.00556207 0.00708116 0.00721354 0.00779188 0.01011827 0.00912760 0.01341580 0.01209852 0.01198351 0.01933811 0.02093967 0.02839301 0.02478299 0.02768338 0.02223199 0.01681966 0.01240668 0.01072808 0.00840386 0.00105903
82f08a1f-00000000.jpg,0.6391831040382385,yolo_s,0.27996015548706055,4378712.0,0.00022895 0.00445421 0.03199219 0.02252062 0.02225043 0.02731988 0.02607856 0.02291233 0.02027127 0.01798720 0.01491428 0.01484484 0.01378364 0.01692600 0.02238607 0.02388129 0.03386176 0.02415473 0.01870877 0.01607639 0.01748047 0.01815972 0.01980794 0.02077148 0.01911133 0.02380859 0.02788954 0.03399414 0.03210395 0.02874349 0.03035048 0.02846897 0.02816298 0.02120443 0.02022027 0.01648437 0.01402018 0.01392036 0.01338650 0.01473958 0.01046441 0.01218099 0.00795247 0.00609809 0.00517144 0.00398546 0.00359266 0.00316949 0.00365451 0.00353190 0.00422418 0.00458008 0.00439128 0.00400933 0.00356337 0.00431966 0.00554905 0.00798069 0.01118924 0.01468316 0.01482313 0.01210069 0.00833008 0.00207248
830c6cb2-6b35fcf9.jpg,0.4484092593193054,yolo_s,0.3083634376525879,4738330.0,0.00000000 0.00000326 0.00007487 0.00069010 0.00685547 0.01764214 0.00702257 0.00599175 0.00699870 0.01352973 0.03420464 0.02756185 0.04143989 0.04561523 0.04695421 0.04752387 0.04911784 0.04020725 0.02928277 0.02441081 0.02206706 0.02118056 0.01983724 0.01868815 0.01663628 0.01423828 0.01271810 0.01205946 0.01260308 0.01170247 0.01081923 0.01067491 0.01174371 0.01426107 0.01248698 0.01508138 0.01512695 0.01825846 0.01870117 0.01874566 0.01765625 0.01692708 0.01978950 0.01391819 0.01084527 0.00884115 0.00850586 0.00775174 0.00688043 0.00613932 0.00643555 0.00816081 0.00697049 0.00787977 0.00704427 0.01007595 0.01243381 0.01123264 0.01353733 0.01231771 0.01668186 0.01113064 0.00361871 0.00246853
833d3e64-00000000.jpg,0.5490731596946716,yolo_s,0.3212294578552246,5119006.0,0.00011176 0.00141493 0.00413737 0.00950846 0.01693251 0.01692274 0.02128255 0.02453668 0.02476345 0.02222765 0.02140191 0.02135959 0.02282227 0.02578993 0.02908963 0.03203451 0.03661241 0.03548720 0.03291992 0.02678711 0.03345378 0.04621311 0.04516493 0.04241862 0.03702474 0.03358941 0.02219510 0.01998589 0.01181315 0.00933485 0.00972222 0.00962240 0.01222114 0.01087348 0.01180990 0.00765082 0.00579970 0.00342665 0.00244683 0.00200955 0.00222982 0.00222114 0.00118924 0.00081706 0.00072700 0.00071940 0.00068251 0.00064779 0.00061849 0.00070747 0.00094727 0.00152127 0.00217556 0.00302843 0.00479167 0.00960286 0.01240777 0.02524957 0.03431424 0.02663411 0.02628364 0.01222548 0.02296224 0.00437717
835df354-00000000.jpg,0.4863647520542145,yolo_s,0.2752039432525635,4168263.0,0.02736762 0.04184028 0.01813585 0.01466471 0.01862522 0.02179905 0.02419054 0.02743056 0.02561957 0.02569444 0.01945638 0.01690430 0.01699110 0.01772244 0.01906684 0.01842882 0.01861871 0.02010634 0.03681315 0.04676649 0.05226888 0.06189453 0.05576714 0.03013238 0.02283854 0.02931207 0.02740126 0.02076714 0.01135525 0.00880425 0.00936957 0.00883247 0.00942817 0.00698568 0.00669705 0.00659939 0.00781576 0.00942708 0.00911675 0.00858290 0.00799696 0.00894423 0.00612956 0.00396484 0.00216471 0.00114800 0.00099609 0.00084744 0.00090603 0.00094293 0.00074219 0.00066189 0.00076606 0.00082791 0.00098307 0.00191298 0.00363932 0.01199110 0.01942600 0.02165365 0.01713433 0.00403212 0.00252387 0.00002604
836684b9-00000000.jpg,0.5237007737159729,yolo_s,0.35247278213500977,5773362.0,0.00014323 0.00094835 0.00611111 0.00985135 0.01253472 0.01120117 0.01980903 0.02555664 0.03059896 0.05535807 0.05963325 0.05887804 0.03991536 0.04032661 0.03652344 0.02678494 0.02699002 0.02382595 0.02569010 0.01897135 0.01762478 0.01735243 0.01585937 0.01261502 0.01195638 0.01264865 0.01148437 0.01086263 0.00968207 0.00866102 0.00794379 0.00831597 0.00890516 0.00826823 0.00834852 0.00643555 0.00503798 0.00441623 0.00433051 0.00447591 0.00517470 0.01542969 0.01601020 0.02531901 0.01972765 0.02852973 0.03108073 0.02850694 0.02679688 0.01857530 0.01502930 0.01046984 0.01207357 0.00972439 0.00519748 0.00255859 0.00131836 0.00085720 0.00069661 0.00080295 0.00052626 0.00043837 0.00026584 0.00001411
836f79ec-00000000.jpg,0.614668607711792,yolo_s,0.4875295162200928,7887003.0,0.00000326 0.00127604 0.00504991 0.00317817 0.00324544 0.00329861 0.00434245 0.00756727 0.01134766 0.01306858 0.01339410 0.01459961 0.01582248 0.01982639 0.02446506 0.01798503 0.01906901 0.02577908 0.04491536 0.05287218 0.07466146 0.07611437 0.04055664 0.01557292 0.01012804 0.01069444 0.00995334 0.00930230 0.00815321 0.00996311 0.01655490 0.01524306 0.01277561 0.01021159 0.00803928 0.00680122 0.00685221 0.00679796 0.00761610 0.00398763 0.00338976 0.00421441 0.00551324 0.00754340 0.01013889 0.01255642 0.02033854 0.01472982 0.01251953 0.01096571 0.01467665 0.01867405 0.01924045 0.01610677 0.01589735 0.02253364 0.01552734 0.02507921 0.04000217 0.03564453 0.01171332 0.00189236 0.00001085 0.00000651
837e366b-9d211e25.jpg,0.4933324456214905,yolo_s,1.0786914825439453,15135521.0,0.00014648 0.00114366 0.01076280 0.01700195 0.01453234 0.01474718 0.02082248 0.02523872 0.02001845 0.02272461 0.02198025 0.03118381 0.04266927 0.05480252 0.05761393 0.05108832 0.05631076 0.04456272 0.04357422 0.02937283 0.02456163 0.02077908 0.01838216 0.01926975 0.01811740 0.02615560 0.02391276 0.02113932 0.01601997 0.01447374 0.01508355 0.01347873 0.01442491 0.01221571 0.01505317 0.01730143 0.01908529 0.01990994 0.01454102 0.01580295 0.01105686 0.01113824 0.00717014 0.00560872 0.00331814 0.00264106 0.00220052 0.00189887 0.00172418 0.00133464 0.00148329 0.00116753 0.00108724 0.00098524 0.00090169 0.00086914 0.00069661 0.00092448 0.00055122 0.00048069 0.00089193 0.00066298 0.00071181 0.00048937
8399088e-00000000.jpg,0.7100815176963806,yolo_s,3.335174083709717,50220513.0,0.00000434 0.00003147 0.00088867 0.00312609 0.01175564 0.01630751 0.01600586 0.02507595 0.02296984 0.02103516 0.01795356 0.02003147 0.02175890 0.02408203 0.02337131 0.02678060 0.03277886 0.02779622 0.02765082 0.02886719 0.03366536 0.03331814 0.03017687 0.03113932 0.03123155 0.04045681 0.04060113 0.03706055 0.02911567 0.02901042 0.02381076 0.01548611 0.01342014 0.01194770 0.01256944 0.01184353 0.01366102 0.01537977 0.01349718 0.01080295 0.00587565 0.00293945 0.00171115 0.00287760 0.00274197 0.00315755 0.00448242 0.00359809 0.00682834 0.00627279 0.01097873 0.01481771 0.01631727 0.01634115 0.01736220 0.01802734 0.00722656 0.00839301 0.00189562 0.00072266 0.00042752 0.00017578 0.00013563 0.00022786
839f7736-abe28069.jpg,0.47649234533309937,yolo_s,2.3836512565612793,36108672.0,0.00000326 0.00000326 0.00002496 0.00050781 0.00085938 0.00240451 0.00761393 0.01091471 0.01283746 0.01468316 0.01580729 0.01851671 0.01922743 0.02881076 0.03193251 0.02323459 0.02690864 0.03591037 0.05146159 0.04185872 0.03679145 0.03183160 0.02084527 0.01659614 0.01300130 0.01378689 0.01074219 0.00968859 0.00869792 0.00739909 0.00704861 0.00729818 0.00931749 0.00911784 0.01100694 0.00946398 0.00878147 0.00718533 0.00545464 0.00457357 0.00383572 0.00408854 0.00425998 0.00653212 0.00719293 0.00743924 0.00938368 0.00866319 0.01510200 0.01691732 0.02516927 0.02020399 0.01925347 0.02313043 0.02420139 0.03932183 0.03249240 0.03559028 0.02738715 0.03251953 0.03519965 0.00977105 0.00018880 0.00000651
