true_value,predicted_value,model_used,inference_time,energy
5.000000000000007,60.88867575302972,linear,0.0005748271942138,0.0
26.0,60.35816598332083,linear,0.0006177425384521,0.0
10.000000000000004,62.17546120487597,linear,0.0005879402160644,0.0
16.999999999999996,61.88943847689478,linear,0.0005731582641601,7508.0
9.000000000000009,62.610467043991655,linear,0.0005795955657958,0.0
5.000000000000007,60.81598038837276,linear,0.0024139881134033,26429.0
13.999999999999991,60.78238897372326,linear,0.0017321109771728,15075.0
11.000000000000002,59.4124411458584,linear,0.0018935203552246,18738.0
15.000000000000004,59.53788970745276,linear,0.0019168853759765,17578.0
11.999999999999998,59.33340969813435,linear,0.002112865447998,27954.0
15.000000000000004,59.670628471276565,linear,0.0017914772033691,17029.0
6.999999999999999,60.84563995524032,linear,0.0006396770477294,13306.0
10.000000000000004,59.99181861506809,linear,0.001929759979248,17761.0
7.999999999999996,59.87159253472886,linear,0.0017886161804199,19409.0
11.000000000000002,59.04439205897442,linear,0.0017549991607666,19226.0
19.000000000000007,58.945715945795946,linear,0.0021862983703613,27954.0
5.000000000000007,59.46139652117144,linear,0.0016968250274658,17883.0
6.999999999999999,59.181802559038246,linear,0.0019586086273193,29907.0
11.000000000000002,58.80953309777075,linear,0.0018212795257568,23377.0
11.999999999999998,59.16316671495495,linear,0.001643419265747,15075.0
9.000000000000009,59.30568043897593,linear,0.0017757415771484,17212.0
13.999999999999991,58.13658903785235,linear,0.0020351409912109,16602.0
13.999999999999991,59.200050920899855,linear,0.0017542839050292,19532.0
11.999999999999998,60.02446156185706,linear,0.0016343593597412,16052.0
16.0,60.13783423820671,linear,0.0016870498657226,17517.0
16.999999999999996,60.61664576590005,linear,0.0017924308776855,18005.0
10.000000000000004,61.56132777177393,linear,0.0016252994537353,15259.0
13.999999999999991,61.067396536074256,linear,0.0018949508666992,21363.0
12.999999999999996,61.06701335374222,linear,0.0018863677978515,26307.0
21.0,61.17972325914646,linear,0.0017211437225341,18067.0
16.999999999999996,61.81048766125598,linear,0.0017728805541992,20691.0
5.000000000000007,61.81171260759261,linear,0.001971960067749,29541.0
19.000000000000007,61.162533808439655,linear,0.0018901824951171,19898.0
22.0,61.77368105503703,linear,0.0016477108001708,17029.0
31.0,62.86501063315288,linear,0.0017211437225341,14709.0
31.999999999999996,64.11213921526452,linear,0.0017976760864257,17273.0
31.0,65.8894580911764,linear,0.0020511150360107,19897.0
16.0,68.91846385296265,linear,0.0017838478088378,18066.0
30.0,68.48062890950385,linear,0.0016875267028808,18494.0
25.0,69.43684531979278,linear,0.0010795593261718,19592.0
39.99999999999999,68.73591017518609,linear,0.0007855892181396,8972.0
38.0,69.75910562902611,linear,0.0008254051208496,11109.0
34.0,70.59839653053862,linear,0.0007457733154296,7264.0
24.000000000000004,72.68335284175211,linear,0.0009303092956542,10681.0
47.00000000000001,71.90908356800438,linear,0.000685691833496,0.0
58.0,74.55458959154312,linear,0.0006890296936035,6653.0
56.00000000000001,76.76913745580318,linear,0.0018749237060546,16907.0
56.00000000000001,78.9225694186227,linear,0.0022363662719726,29480.0
64.00000000000001,81.4797049979361,linear,0.0005981922149658,10498.0
83.0,86.162309303532,linear,0.0016536712646484,17090.0
67.0,90.47660512544569,linear,0.0017828941345214,20874.0
63.000000000000014,91.50642937641118,linear,0.0016112327575683,16846.0
68.0,92.26978175218488,linear,0.0017833709716796,14953.0
68.99999999999999,93.6474453532758,linear,0.001821756362915,21179.0
71.0,94.24908798720716,linear,0.0019521713256835,18860.0
65.0,92.87952604737632,linear,0.0019328594207763,23621.0
96.0,92.61999830134506,linear,0.0017273426055908,20874.0
78.99999999999999,96.60945361804042,linear,0.0016367435455322,13977.0
67.0,97.8836900167096,linear,0.0015890598297119,14038.0
104.0,97.57631851267604,linear,0.0017793178558349,18372.0
93.0,101.54127250634566,linear,0.0017492771148681,16296.0
118.0,104.83980330850883,linear,0.0016555786132812,15930.0
124.99999999999996,107.55931735849607,linear,0.001685619354248,21362.0
84.99999999999999,112.9942312432912,linear,0.001664400100708,15809.0
96.0,114.92250509079696,linear,0.0016705989837646,17456.0
131.0,113.92571127736352,linear,0.0017604827880859,19959.0
84.99999999999999,118.50863951210049,linear,0.0015947818756103,15503.0
162.0,114.56295331161756,linear,0.0012886524200439,19836.0
141.99999999999997,119.19152809866247,linear,0.0018644332885742,15992.0
170.0,125.87077617989296,linear,0.0016398429870605,15136.0
176.0,134.68616788857585,linear,0.0016314983367919,18005.0
214.0,139.98306057921675,linear,0.0017211437225341,17517.0
185.0,155.24366777987422,linear,0.0018939971923828,25391.0
141.0,157.87672197265175,linear,0.0017149448394775,19654.0
139.0,157.47123330175006,linear,0.0017008781433105,15014.0
183.0,153.6580306536827,linear,0.0018541812896728,16114.0
165.0,154.6547436393722,linear,0.0016300678253173,16052.0
155.0,149.02140771551595,linear,0.0016546249389648,14282.0
109.0,145.49007661070038,linear,0.0017602443695068,17883.0
131.99999999999997,141.4398940077439,linear,0.0018410682678222,16541.0
141.99999999999997,140.5944678312808,linear,0.0018861293792724,20446.0
218.0,135.90040043797538,linear,0.0017206668853759,15503.0
182.0,142.5667678139148,linear,0.0016984939575195,15930.0
171.0,145.75887544563795,linear,0.0016558170318603,19104.0
162.0,184.98797391331985,svm,0.002150535583496,20020.0
142.99999999999997,187.7196359374616,svm,0.002326488494873,22705.0
170.0,189.21550966076703,svm,0.0020949840545654,17884.0
160.00000000000003,181.69843630886345,svm,0.0022916793823242,29846.0
122.0,179.38971207487992,svm,0.0020420551300048,19837.0
122.0,170.2299274880649,svm,0.0020785331726074,17395.0
124.99999999999996,161.73765636457404,svm,0.0023322105407714,26978.0
128.0,160.28228032000573,svm,0.0021841526031494,15503.0
104.0,154.78931838871492,svm,0.0020921230316162,18127.0
151.00000000000003,144.89653473040445,svm,0.0021219253540039,14526.0
136.0,149.71746694953185,svm,0.0019795894622802,22644.0
150.0,153.60026732093388,svm,0.0019934177398681,24536.0
154.0,157.24404819372887,svm,0.0021922588348388,16358.0
133.99999999999997,160.59920511109166,svm,0.0022165775299072,28748.0
106.99999999999996,165.70440845371024,svm,0.0020117759704589,17212.0
151.00000000000003,156.6754910906645,svm,0.0022437572479248,17761.0
101.0,159.66230631814847,svm,0.0022549629211425,15930.0
139.0,153.28595720022852,svm,0.0019900798797607,21484.0
109.0,149.85039916865938,svm,0.0020334720611572,18555.0
162.0,145.79760065426728,svm,0.0021460056304931,30884.0
132.99999999999997,156.0779349161058,svm,0.0022072792053222,34057.0
124.0,153.21473714451795,svm,0.0020248889923095,25330.0
120.0,155.93044373690432,svm,0.0019474029541015,16723.0
149.0,151.15739266912362,svm,0.0022170543670654,22217.0
142.99999999999997,159.73596277125915,svm,0.0020442008972167,18494.0
123.0,157.5825440154559,svm,0.0020473003387451,17090.0
145.0,154.7370695493465,svm,0.0008685588836669,11474.0
126.0,157.15623389475013,svm,0.0008575916290283,14648.0
141.99999999999997,159.28120325408167,svm,0.0020267963409423,16846.0
136.0,158.01133510180674,svm,0.0021564960479736,25391.0
128.0,156.79396834228922,svm,0.0019898414611816,23072.0
120.0,157.67811318908616,svm,0.0020248889923095,14343.0
135.0,152.65441031072038,svm,0.002018928527832,16235.0
139.0,154.6983843125777,svm,0.0023567676544189,29724.0
144.0,155.1637659281761,svm,0.002009630203247,15686.0
124.99999999999996,156.5568058538961,svm,0.0019474029541015,13488.0
149.0,155.16436017144474,svm,0.0021631717681884,25452.0
112.0,159.67873714451784,svm,0.0019991397857666,31616.0
122.0,156.18234345835276,svm,0.0011317729949951,9522.0
151.00000000000003,152.60363222344114,svm,0.0021932125091552,16540.0
140.0,154.58773621601256,svm,0.0010168552398681,12635.0
159.0,158.86609461898405,svm,0.0019855499267578,13061.0
150.0,159.28478356977362,svm,0.0020108222961425,22339.0
173.0,165.22886527822257,svm,0.0021507740020751,28137.0
132.99999999999997,173.89193677311587,svm,0.0010318756103515,10437.0
179.0,170.3063323162913,svm,0.00209641456604,18676.0
159.0,176.32001476754525,svm,0.0020532608032226,17334.0
158.0,177.40023018072952,svm,0.0021677017211914,17578.0
152.0,178.50461643885396,svm,0.0020723342895507,15747.0
137.0,173.5599182030141,svm,0.0020878314971923,17273.0
124.99999999999996,174.73588106281002,svm,0.0019798278808593,15198.0
119.0,165.24664800802762,svm,0.0019686222076416,16236.0
100.0,158.7737046468396,svm,0.0019130706787109,20813.0
124.99999999999996,149.46882070997754,svm,0.0019259452819824,15137.0
131.0,145.4487501435897,svm,0.0022928714752197,14161.0
127.0,145.91936109994973,svm,0.0020508766174316,14709.0
119.0,146.35393120208522,svm,0.0019991397857666,25146.0
150.0,144.94777335621714,svm,0.0019540786743164,15381.0
129.0,153.5862728919646,svm,0.0019230842590332,17090.0
123.0,155.1049655567748,svm,0.0020554065704345,21179.0
132.99999999999997,152.54719396903045,svm,0.0019164085388183,13794.0
159.0,152.94810019001486,svm,0.0020215511322021,18127.0
124.99999999999996,161.39440659669995,svm,0.0019981861114501,23499.0
142.99999999999997,157.2080816199124,svm,0.0008988380432128,8911.0
158.0,157.84840845371048,svm,0.0008466243743896,8972.0
193.0,164.41843630886362,svm,0.0022189617156982,37537.0
177.0,176.30905097924395,svm,0.0020382404327392,26123.0
197.00000000000003,178.77694327265155,svm,0.0022284984588623,199707.0
192.0,189.2634353803585,svm,0.0008842945098876,7751.0
146.0,197.06836017144465,svm,0.0020358562469482,15747.0
177.99999999999997,194.3055746561244,svm,0.0019841194152832,15564.0
216.0,190.46304912223405,svm,0.0019629001617431,15564.0
198.0,199.99108626243805,svm,0.002065896987915,18859.0
196.0,201.69222646671005,svm,0.0019330978393554,16053.0
141.0,199.46176407116607,svm,0.001967430114746,17395.0
168.99999999999997,196.79775664312544,svm,0.0021357536315917,18372.0
167.0,195.16599434043215,svm,0.0021283626556396,16968.0
193.0,189.20953751592012,svm,0.0008940696716308,0.0
177.0,190.05847344906783,svm,0.0009748935699462,8972.0
171.0,186.1279999114633,svm,0.0009334087371826,9521.0
132.99999999999997,190.06613918722917,svm,0.0021438598632812,26306.0
183.0,182.6950565502744,svm,0.0009427070617675,8972.0
166.0,186.065634080451,svm,0.0008866786956787,9766.0
157.0,183.8030082680092,svm,0.0010557174682617,8606.0
197.00000000000003,179.89418004145412,svm,0.0008585453033447,9033.0
198.0,183.1544363088637,svm,0.0010333061218261,20630.0
140.0,196.13768607673703,svm,0.0007364749908447,25269.0
91.0,187.1727538576097,svm,0.0009584426879882,9521.0
207.0,170.70343538035857,svm,0.0009067058563232,11536.0
161.0,181.42560436828785,svm,0.0019965171813964,17456.0
172.0,181.21907512037689,svm,0.0020577907562255,16480.0
148.0,174.32274828657927,svm,0.0008680820465087,11353.0
152.0,172.2895449439611,svm,0.0006699562072753,6775.0
123.0,183.70855330050685,svm,0.0019893646240234,15075.0
177.0,142.06700223258733,linear,0.0017063617706298,15686.0
136.0,144.14731438131193,linear,0.0016095638275146,17395.0
155.0,139.86990954652907,linear,0.0018653869628906,18066.0
137.0,140.74542784550798,linear,0.00164794921875,15259.0
144.0,138.8856670417929,linear,0.0018873214721679,17150.0
140.0,141.3452328378192,linear,0.0005867481231689,8728.0
147.0,137.0168695978245,linear,0.0018513202667236,19165.0
154.0,138.33656925374274,linear,0.0017437934875488,15808.0
151.00000000000003,138.27512810125987,linear,0.0016496181488037,17822.0
184.0,139.91877438688198,linear,0.0019798278808593,20630.0
142.99999999999997,144.74801935102803,linear,0.002079963684082,27283.0
173.0,144.9672868247776,linear,0.0018327236175537,21789.0
142.99999999999997,148.07059129732653,linear,0.0017824172973632,25635.0
152.0,146.65044091162738,linear,0.0017175674438476,16480.0
151.00000000000003,146.77632740607922,linear,0.0007374286651611,9278.0
130.0,142.91416352625347,linear,0.0018551349639892,19226.0
158.0,141.30581507475645,linear,0.0016019344329833,15564.0
164.0,139.64865584395525,linear,0.0015730857849121,13732.0
129.0,142.1820225470494,linear,0.0018413066864013,17456.0
160.00000000000003,139.3831120105113,linear,0.0018210411071777,19653.0
141.0,140.48738979126963,linear,0.0015809535980224,17273.0
153.0,141.7045636526321,linear,0.0011532306671142,13489.0
115.0,141.18719273643683,linear,0.0005929470062255,6714.0
152.0,135.28452861253558,linear,0.0016350746154785,14831.0
133.99999999999997,138.06195294820452,linear,0.0017108917236328,15808.0
158.0,135.00280763623755,linear,0.0018529891967773,18249.0
152.0,137.1209529375004,linear,0.001652717590332,8789.0
124.0,137.0117182968285,linear,0.00185227394104,15442.0
127.0,137.92042601370275,linear,0.0016021728515625,16235.0
127.0,134.9250685024738,linear,0.0017924308776855,18555.0
130.0,134.0813134681455,linear,0.0017156600952148,15503.0
145.0,130.86096982568924,linear,0.001688003540039,16358.0
111.0,130.14232021347456,linear,0.0017359256744384,16175.0
117.0,128.4951192844434,linear,0.0015623569488525,17518.0
155.0,127.2769344996354,linear,0.0016050338745117,14954.0
131.99999999999997,130.70595870391142,linear,0.0005671977996826,11718.0
124.99999999999996,130.95430469710976,linear,0.0005662441253662,8057.0
129.0,128.5725546426428,linear,0.0005788803100585,0.0
141.99999999999997,130.6144726645894,linear,0.0016229152679443,18249.0
75.0,133.6002153798289,linear,0.0016076564788818,16663.0
117.0,123.98482336413224,linear,0.0015735626220703,12512.0
101.0,122.27670341182036,linear,0.0005571842193603,9948.0
114.0,119.43293372645957,linear,0.0005578994750976,7569.0
102.0,117.7971130412682,linear,0.0017480850219726,17517.0
99.0,113.09106006887193,linear,0.0016682147979736,16480.0
121.0,115.84528197398852,linear,0.0016548633575439,7691.0
121.0,116.40180192557638,linear,0.0016341209411621,12635.0
118.0,118.7961393317758,linear,0.001650333404541,14221.0
99.0,119.27821351289823,linear,0.0018231868743896,13672.0
108.0,118.80547936443102,linear,0.0017518997192382,17029.0
73.00000000000001,119.83338762595832,linear,0.0017554759979248,23193.0
70.0,114.06439621633126,linear,0.0019474029541015,30273.0
97.99999999999996,108.02966790490164,linear,0.0016877651214599,14527.0
86.99999999999999,105.79985389856296,linear,0.0017473697662353,16052.0
82.0,104.44401563159455,linear,0.0017762184143066,18311.0
71.0,101.40447093554336,linear,0.0016722679138183,18311.0
83.0,101.06773060409124,linear,0.0018060207366943,14526.0
86.99999999999999,102.60402200739688,linear,0.0015556812286376,15442.0
56.00000000000001,101.37430101370234,linear,0.0016236305236816,11231.0
67.0,97.63496199279624,linear,0.0005834102630615,0.0
75.99999999999999,95.8549396291304,linear,0.0016968250274658,28381.0
66.0,96.47423440511992,linear,0.0016071796417236,14893.0
80.00000000000001,94.50050623441284,linear,0.0017402172088623,16114.0
78.99999999999999,93.7441910835373,linear,0.0016217231750488,15502.0
39.0,96.437214864881,linear,0.0005853176116943,7691.0
82.0,92.98128540236765,linear,0.0016672611236572,14343.0
57.0,93.78219766171468,linear,0.0017230510711669,18006.0
52.0,92.6779914630806,linear,0.001929759979248,13610.0
56.00000000000001,89.39413673128954,linear,0.0017900466918945,17029.0
78.99999999999999,86.67820971763784,linear,0.0018491744995117,14710.0
55.00000000000001,91.46569846888364,linear,0.0016436576843261,16418.0
58.0,88.27955356202897,linear,0.0017335414886474,15930.0
66.0,88.36670514117563,linear,0.0016379356384277,7446.0
64.00000000000001,90.00335557947113,linear,0.0016977787017822,15563.0
74.0,90.95951856406307,linear,0.0016415119171142,15686.0
64.00000000000001,90.44035356413154,linear,0.0015864372253417,11901.0
53.0,91.45633598535936,linear,0.0015985965728759,10376.0
49.99999999999999,90.79620677481006,linear,0.0016520023345947,15869.0
58.99999999999999,88.86659138866617,linear,0.0016918182373046,15869.0
46.00000000000001,88.31332881812006,linear,0.0019202232360839,30029.0
47.00000000000001,85.01786389060007,linear,0.0016951560974121,15380.0
53.0,83.02133882120044,linear,0.0018420219421386,18128.0
66.0,83.03590558380624,linear,0.0016050338745117,18310.0
48.99999999999999,84.99262020085018,linear,0.00160813331604,15564.0
50.99999999999999,83.78760781546971,linear,0.0017354488372802,16785.0
54.000000000000014,84.34083647667963,linear,0.0018539428710937,19348.0
40.99999999999999,85.14702668170446,linear,0.001953125,19287.0
30.0,83.69862292878726,linear,0.0016760826110839,15136.0
29.000000000000004,79.41757550345659,linear,0.0019891262054443,19592.0
26.0,77.03248460118846,linear,0.0016231536865234,15930.0
31.0,74.09696480957727,linear,0.001723289489746,26001.0
35.0,71.44699609396453,linear,0.002026081085205,26001.0
37.00000000000001,70.78545119092661,linear,0.0016610622406005,8484.0
20.000000000000004,71.63137485734912,linear,0.001965045928955,26429.0
36.00000000000001,71.08349851870555,svm,0.0022943019866943,18555.0
31.999999999999996,72.38905097924405,svm,0.0022797584533691,27099.0
27.00000000000001,73.31491170347806,svm,0.001955509185791,27526.0
26.0,71.99264615101737,svm,0.0020282268524169,27832.0
25.0,69.45969907580871,svm,0.0022580623626708,29236.0
27.00000000000001,70.5893109606741,svm,0.0019543170928955,23865.0
26.0,69.29546509252167,svm,0.0026054382324218,24475.0
16.0,68.3777603571457,svm,0.0021159648895263,20203.0
13.999999999999991,66.32114382975493,svm,0.0020685195922851,14160.0
16.999999999999996,63.96541495324603,svm,0.0020625591278076,16297.0
15.000000000000004,62.94454958648648,svm,0.0022642612457275,25146.0
18.00000000000001,61.41143166633788,svm,0.0020744800567626,18982.0
13.999999999999991,60.03419861155604,svm,0.002176284790039,25329.0
26.0,59.64675200059988,svm,0.0020320415496826,18188.0
19.000000000000007,61.75423575176027,svm,0.0019750595092773,17883.0
21.0,62.27724410830639,svm,0.0020651817321777,15258.0
27.00000000000001,62.95970278982914,svm,0.0021378993988037,26794.0
15.000000000000004,64.3481521863006,svm,0.0021536350250244,18982.0
20.000000000000004,64.71465172204812,svm,0.0019807815551757,22949.0
24.000000000000004,63.2179460581671,svm,0.0015375614166259,17517.0
6.000000000000003,64.36433045928129,svm,0.0006685256958007,0.0
9.000000000000009,61.987654507563626,svm,0.0021770000457763,35278.0
11.000000000000002,58.21847344906773,svm,0.0021946430206298,31250.0
22.999999999999996,58.022343458352864,svm,0.0020036697387695,14221.0
15.000000000000004,59.38871671740583,svm,0.0019190311431884,24109.0
20.000000000000004,57.84139638314386,svm,0.0007791519165039,0.0
11.000000000000002,59.66044930793496,svm,0.0007386207580566,8789.0
15.000000000000004,59.74784763662581,svm,0.0020656585693359,24781.0
18.00000000000001,60.447628509420674,svm,0.0022180080413818,15869.0
5.000000000000007,59.80294884368235,svm,0.0019609928131103,17700.0
12.999999999999996,58.23264615101754,svm,0.0019400119781494,23133.0
12.999999999999996,56.59446602102695,svm,0.0019989013671875,17884.0
11.999999999999998,57.39681328193687,svm,0.0019869804382324,14404.0
12.999999999999996,57.1568132819368,svm,0.0019667148590087,18310.0
7.999999999999996,55.97039174061837,svm,0.0022916793823242,29725.0
16.0,56.46523296624514,svm,0.0021350383758544,14709.0
11.999999999999998,56.9813035326332,svm,0.001495361328125,24292.0
11.000000000000002,57.053949772187465,svm,0.0019981861114501,23986.0
11.000000000000002,56.73545023644009,svm,0.0021770000457763,20447.0
20.000000000000004,56.16806676383111,svm,0.0019330978393554,17639.0
10.000000000000004,58.53061458184396,svm,0.0020170211791992,18005.0
19.000000000000007,57.62002590960632,svm,0.00217866897583,25940.0
15.000000000000004,58.42937038500086,svm,0.0019540786743164,14221.0
11.000000000000002,59.20384763662575,svm,0.000955581665039,8423.0
6.999999999999999,59.18667400617068,svm,0.0010352134704589,7996.0
6.000000000000003,56.57952080282815,svm,0.0009214878082275,8423.0
15.000000000000004,56.07600362548382,svm,0.0019996166229248,16236.0
10.000000000000004,55.78234345835273,svm,0.0021700859069824,26306.0
11.999999999999998,55.26459415473159,svm,0.0007686614990234,10621.0
10.000000000000004,55.11187363476868,svm,0.0007698535919189,7568.0
11.999999999999998,55.427832780544094,svm,0.0006892681121826,7019.0
20.000000000000004,56.57320696810206,svm,0.0019512176513671,16052.0
13.999999999999991,57.56282999502871,svm,0.0019783973693847,25451.0
15.000000000000004,58.36722739521451,svm,0.0019207000732421,14344.0
11.000000000000002,58.426161471351904,svm,0.0020313262939453,17823.0
15.000000000000004,58.42149666169538,svm,0.0020084381103515,14649.0
25.0,59.10853101638431,svm,0.0019819736480712,26916.0
11.999999999999998,60.274614581844,svm,0.0021436214447021,13183.0
13.999999999999991,60.02650316123116,svm,0.0019280910491943,13855.0
16.999999999999996,59.11231931721999,svm,0.0019948482513427,12268.0
20.000000000000004,60.21266472111976,svm,0.002288818359375,32349.0
16.999999999999996,61.64415218630087,svm,0.0020821094512939,18371.0
22.999999999999996,60.13698784089683,svm,0.0021038055419921,23559.0
27.00000000000001,61.81013918722929,svm,0.0021495819091796,16297.0
30.0,64.18934067283736,svm,0.0020029544830322,25512.0
20.000000000000004,66.47719211202049,svm,0.0008981227874755,9522.0
45.000000000000014,66.04104726522368,svm,0.0022859573364257,16052.0
19.000000000000007,70.67039545463871,svm,0.0020551681518554,25940.0
39.0,70.39297298481532,svm,0.001680850982666,15625.0
24.000000000000004,71.75218561248451,svm,0.0008485317230224,6592.0
22.0,70.76438988360808,svm,0.0006942749023437,8728.0
34.0,71.1741503292906,svm,0.0019865036010742,24841.0
20.000000000000004,69.06616147135196,svm,0.0019788742065429,14038.0
45.000000000000014,69.99264615101762,svm,0.0019452571868896,13733.0
39.0,70.75174735807416,svm,0.0021958351135253,24230.0
56.00000000000001,73.74506954934647,svm,0.0021107196807861,17640.0
55.00000000000001,79.43841031072049,svm,0.0023038387298583,19531.0
52.0,82.56295627172325,svm,0.0022330284118652,22461.0
58.0,87.67162108137974,svm,0.0023260116577148,22827.0
49.99999999999999,89.23763036643082,svm,0.0021064281463623,19226.0
30.0,91.27133881582726,svm,0.0020704269409179,24048.0
59.99999999999999,86.3164790200984,svm,0.0019848346710205,15808.0
53.0,87.12031188917923,svm,0.00201416015625,23072.0
64.00000000000001,88.82987549177906,svm,0.0022909641265869,29175.0
56.00000000000001,89.73964707952277,svm,0.0019218921661376,14770.0
67.0,89.8990231240911,svm,0.002021312713623,14222.0
75.0,96.11529796160244,svm,0.002087116241455,22888.0
63.000000000000014,98.8348225669879,svm,0.0020933151245117,17761.0
102.0,100.54636202845484,svm,0.0053052902221679,75988.0
67.0,106.5898606356973,svm,0.0022225379943847,21302.0
99.0,108.92534067283746,svm,0.00193452835083,21301.0
68.99999999999999,113.30152637385878,svm,0.0020511150360107,22400.0
82.0,112.08929981861284,svm,0.0019688606262207,15991.0
84.0,102.39181148257651,linear,0.0017683506011962,15747.0
86.99999999999999,100.30076531390267,linear,0.0016999244689941,15808.0
91.0,102.67559820826972,linear,0.0019347667694091,17395.0
82.0,101.77851178827297,linear,0.0017032623291015,15869.0
106.99999999999996,103.25408180196496,linear,0.0019130706787109,18188.0
101.0,106.27324778561632,linear,0.001659870147705,15259.0
108.0,108.2811314431955,linear,0.0016360282897949,17212.0
126.0,110.77992712637187,linear,0.0018761157989501,29541.0
95.0,114.9515222927587,linear,0.001957893371582,15930.0
131.99999999999997,116.35777615837048,linear,0.0016627311706542,15930.0
126.0,119.3918265464508,linear,0.0019257068634033,17640.0
122.0,122.33034526958988,linear,0.001885175704956,16541.0
113.0,123.97943911051244,linear,0.0019798278808593,20447.0
115.0,122.38518456833448,linear,0.0018012523651123,24658.0
127.0,124.68414739739796,linear,0.0016989707946777,17090.0
119.0,124.165736636227,linear,0.0016520023345947,19104.0
109.0,123.35362322667312,linear,0.0019538402557373,17029.0
122.0,121.77888697371677,linear,0.0016834735870361,15564.0
141.0,122.84803243518309,linear,0.0017776489257812,20568.0
138.0,126.0045682608678,linear,0.0017433166503906,19104.0
137.0,127.35098993720932,linear,0.0016660690307617,16784.0
109.0,129.45013723872347,linear,0.0017480850219726,18189.0
154.0,129.2777127638836,linear,0.0016553401947021,23010.0
121.0,133.15369433755333,linear,0.0015950202941894,16235.0
124.0,130.75221314706428,linear,0.0017478466033935,17944.0
127.0,129.11166670225953,linear,0.0017139911651611,18005.0
155.0,127.91307004798206,linear,0.0016300678253173,15075.0
131.99999999999997,133.43687571433367,linear,0.0018107891082763,19837.0
136.0,130.84950449047747,linear,0.0015919208526611,15442.0
159.0,132.57896025111592,linear,0.0018789768218994,29418.0
164.0,136.74186107411504,linear,0.0017356872558593,13610.0
104.0,141.15562186438302,linear,0.0018389225006103,17700.0
164.0,134.94568792087358,linear,0.0016162395477294,18188.0
165.0,138.801099649059,linear,0.001810073852539,17090.0
124.0,142.27983903225854,linear,0.0016613006591796,15259.0
148.0,138.09838405056723,linear,0.001673936843872,17273.0
140.0,136.22302332384882,linear,0.0018565654754638,14893.0
168.99999999999997,140.3738891077345,linear,0.0017001628875732,12573.0
153.0,141.14152665287875,linear,0.001704454421997,19043.0
183.0,139.73466565940342,linear,0.0016670227050781,15198.0
168.0,146.74782264810642,linear,0.001626968383789,15137.0
154.0,149.05115941107124,linear,0.001678466796875,13428.0
158.0,150.59822049950972,linear,0.0015954971313476,14221.0
160.00000000000003,149.26482890278308,linear,0.0016191005706787,17212.0
166.0,150.08533931557943,linear,0.0014934539794921,16785.0
168.0,148.16286836653637,linear,0.0005495548248291,6714.0
192.0,148.1960116418995,linear,0.001641035079956,18799.0
185.0,152.75878018254488,linear,0.0005459785461425,0.0
157.0,155.93486878731173,linear,0.0016846656799316,18311.0
175.0,155.4408811136288,linear,0.0017430782318115,22705.0
186.0,156.47616170277718,linear,0.0016422271728515,18005.0
137.0,158.64736750266596,linear,0.0016782283782958,20508.0
160.00000000000003,152.05763638317532,linear,0.0005557537078857,9156.0
148.0,149.13351818569765,linear,0.001711368560791,20019.0
181.0,148.01874819479386,linear,0.0016696453094482,15015.0
177.99999999999997,148.91276141349883,linear,0.0016157627105712,14649.0
165.0,148.05140710276495,linear,0.0005559921264648,0.0
182.0,151.27280212145428,linear,0.001638650894165,19531.0
152.0,153.8649694360571,linear,0.0005755424499511,5982.0
189.0,154.19708467911786,linear,0.0016086101531982,18250.0
180.0,155.26554862113554,linear,0.0016050338745117,9033.0
163.0,155.51874344680164,linear,0.0015721321105957,15991.0
129.0,155.22638924680814,linear,0.0015709400177001,17639.0
106.0,148.7988385229714,linear,0.0005888938903808,9521.0
172.0,143.191647257234,linear,0.0016088485717773,17212.0
138.0,141.46830973667758,linear,0.0005817413330078,8972.0
165.0,136.5950016657057,linear,0.0018091201782226,15259.0
176.0,136.97522101522412,linear,0.0019447803497314,27710.0
150.0,142.51123412702125,linear,0.0017204284667968,16601.0
173.0,147.56081623008302,linear,0.0016472339630126,15442.0
140.0,147.72900113780562,linear,0.0020773410797119,27222.0
160.00000000000003,147.80762778476245,linear,0.0016281604766845,14832.0
147.0,147.27383763530597,linear,0.0018320083618164,16540.0
126.0,143.84232337803164,linear,0.001983642578125,18921.0
153.0,140.9347555024441,linear,0.0016632080078125,15686.0
148.0,138.66962487277152,linear,0.0017817020416259,29419.0
126.0,139.6318660484904,linear,0.0016219615936279,16601.0
113.0,135.5913485853266,linear,0.0019574165344238,16113.0
172.0,131.48111776901564,linear,0.0015983581542968,14160.0
172.0,137.0801021549255,linear,0.0005953311920166,5432.0
142.99999999999997,139.4694091116145,linear,0.0008201599121093,8423.0
141.99999999999997,138.8192593069725,linear,0.000643253326416,7080.0
139.0,140.55610977074062,linear,0.0017056465148925,17029.0
149.0,143.50976028163623,linear,0.0024309158325195,25146.0
144.0,140.8937120759754,linear,0.0023889541625976,29236.0
165.0,137.64377340761902,linear,0.0019066333770751,16663.0
195.0,140.31640332985174,linear,0.0013015270233154,8240.0
146.0,146.69851973300177,linear,0.0007524490356445,0.0
196.0,147.3674178251515,linear,0.0007662773132324,9094.0
153.0,152.98324799890855,linear,0.0016303062438964,16418.0
129.0,153.86667392450656,linear,0.0016171932220458,13733.0
205.0,149.50001742647038,linear,0.0016894340515136,17944.0
159.0,150.92987463188794,linear,0.0016541481018066,15991.0
173.0,152.40840700474254,linear,0.0017554759979248,27648.0
194.0,164.81313988566396,lstm,0.0238111019134521,210998.0
204.0,175.16081809997556,lstm,0.0341176986694335,288146.0
170.0,186.4891147613525,lstm,0.0214242935180664,205322.0
170.0,177.78513967990872,lstm,0.0286333560943603,246337.0
184.0,174.08768981695172,lstm,0.0106565952301025,95642.0
160.00000000000003,176.420881152153,lstm,0.0335245132446289,287658.0
184.0,167.9100117087364,lstm,0.0172719955444335,153381.0
167.0,171.18858724832532,lstm,0.017651081085205,144958.0
163.0,168.22431817650792,lstm,0.0225989818572998,191223.0
150.0,164.78758752346036,lstm,0.0166172981262207,143127.0
151.00000000000003,157.03139051795003,lstm,0.0158264636993408,135193.0
185.0,153.36474180221555,lstm,0.0108144283294677,87036.0
146.0,163.01626443862912,lstm,0.0249640941619873,208191.0
199.0,155.08602410554883,lstm,0.0225963592529296,233093.0
162.0,170.4002587497234,lstm,0.0352156162261962,343139.0
146.0,166.66399270296094,lstm,0.0170774459838867,136596.0
161.0,158.0910953879356,lstm,0.0174052715301513,142151.0
176.0,156.86137244105336,lstm,0.0217866897583007,190796.0
197.00000000000003,163.39360952377316,lstm,0.0253396034240722,206665.0
198.0,173.47680926322934,lstm,0.0182890892028808,158386.0
208.0,181.87004208564755,lstm,0.0143463611602783,103760.0
157.0,191.6239160299301,lstm,0.0213191509246826,178283.0
132.99999999999997,177.9296940565109,lstm,0.0127522945404052,104981.0
137.0,159.43692997097966,lstm,0.0144164562225341,116028.0
105.0,147.99768179655072,lstm,0.024538516998291,177428.0
165.0,128.1378751993179,lstm,0.0236072540283203,198303.0
183.0,137.87969112396237,lstm,0.0312557220458984,264160.0
131.99999999999997,153.5733278095722,lstm,0.0164072513580322,131103.0
168.0,145.1495775580406,lstm,0.0191562175750732,161804.0
214.0,153.26526314020154,lstm,0.0174570083618164,153686.0
157.0,177.34782367944717,lstm,0.0138862133026123,112671.0
141.99999999999997,168.594836294651,lstm,0.0111110210418701,96130.0
175.0,156.5480767190456,lstm,0.0163261890411376,144775.0
131.0,163.40141177177426,lstm,0.0160372257232666,129456.0
158.0,149.4792932271957,lstm,0.0139050483703613,107422.0
157.0,148.88618052005765,lstm,0.0212237834930419,163757.0
135.0,150.5733811855316,lstm,0.0151913166046142,117675.0
127.0,143.84183213114736,lstm,0.0116405487060546,85083.0
154.0,135.00021830201146,lstm,0.0158247947692871,138854.0
122.0,141.4647531509399,lstm,0.0201995372772216,163818.0
129.0,132.25998014211652,lstm,0.0173258781433105,170715.0
150.0,128.99243414402005,lstm,0.0156428813934326,121094.0
132.99999999999997,135.9246605634689,lstm,0.0177648067474365,149841.0
115.0,134.25169900059697,lstm,0.0165095329284667,157409.0
129.0,125.06792113184926,lstm,0.0213730335235595,192993.0
117.0,125.7802841067314,lstm,0.0128085613250732,103149.0
104.0,121.32314354181288,lstm,0.0175344944000244,135437.0
154.0,112.48777151107784,lstm,0.0198955535888671,175537.0
119.0,126.82858705520628,lstm,0.0074758529663085,60180.0
117.0,123.55141237378118,lstm,0.0163667201995849,141174.0
117.0,119.95760828256604,lstm,0.0128998756408691,102112.0
120.0,118.07930573821064,lstm,0.0028924942016601,24475.0
97.99999999999996,118.52600216865537,lstm,0.0028514862060546,35888.0
105.0,108.19770544767375,lstm,0.0169911384582519,154540.0
95.0,105.61250150203702,lstm,0.0102529525756835,85815.0
117.0,100.15057325363156,lstm,0.0180141925811767,171752.0
115.99999999999996,105.12817695736882,lstm,0.002840518951416,29235.0
111.0,108.02392810583112,lstm,0.0203280448913574,174743.0
95.0,108.91675353050228,lstm,0.0176289081573486,138245.0
95.0,102.92984038591382,lstm,0.0188190937042236,151244.0
105.0,99.3229320645332,lstm,0.0268654823303222,251831.0
76.99999999999999,99.89829465746875,lstm,0.0170998573303222,141724.0
82.0,89.51940745115279,lstm,0.0254585742950439,217712.0
81.0,84.76844131946562,lstm,0.0144507884979248,119384.0
93.0,81.9884294271469,lstm,0.0107641220092773,81665.0
72.00000000000001,84.89253252744673,lstm,0.0212092399597167,174804.0
72.00000000000001,78.30502361059187,lstm,0.0135407447814941,137146.0
90.0,75.0685092806816,lstm,0.0107018947601318,94238.0
59.99999999999999,79.74505260586737,lstm,0.0027854442596435,24170.0
80.00000000000001,71.27179354429244,lstm,0.0105795860290527,84777.0
84.0,72.84203141927718,lstm,0.0130388736724853,132568.0
71.0,76.49658665060996,lstm,0.0025548934936523,44373.0
75.99999999999999,73.84745746850966,lstm,0.0019457340240478,48950.0
87.99999999999999,73.20793911814688,lstm,0.0016231536865234,33325.0
71.0,78.7891176342964,lstm,0.0016670227050781,49805.0
66.0,75.01016974449156,lstm,0.0021975040435791,100646.0
62.0,70.29417186975478,lstm,0.0017821788787841,63537.0
91.0,66.12915456295012,lstm,0.0016498565673828,55298.0
78.99999999999999,74.5192664861679,lstm,0.0017120838165283,64331.0
75.99999999999999,75.09099394083022,lstm,0.0114691257476806,412963.0
72.00000000000001,74.96445566415785,lstm,0.0016484260559082,34424.0
72.00000000000001,73.44438269734381,lstm,0.0019519329071044,69396.0
67.0,72.53405541181563,lstm,0.0023596286773681,67444.0
70.0,68.73200222849844,lstm,0.0016255378723144,63110.0
66.0,95.0763332306709,linear,0.0003154277801513,0.0
56.00000000000001,93.89505812893232,linear,0.0002930164337158,31860.0
50.99999999999999,91.97373834114607,linear,0.0002939701080322,29846.0
58.99999999999999,89.46703877503705,linear,0.0003132820129394,0.0
67.0,88.55283039988217,linear,0.0002944469451904,32714.0
49.99999999999999,88.27195347730378,linear,0.0002942085266113,0.0
61.0,86.35864758820593,linear,0.0003771781921386,46936.0
54.000000000000014,86.95455335400788,linear,0.0003414154052734,0.0
53.0,87.27127735480906,linear,0.0003952980041503,0.0
39.0,86.56788779186343,linear,0.0003705024719238,0.0
50.99999999999999,83.22045168152762,linear,0.0003128051757812,0.0
52.0,83.35850079005948,linear,0.0003368854522705,0.0
52.0,82.33813141975494,linear,0.0002977848052978,0.0
50.99999999999999,82.13204236046441,linear,0.0003004074096679,35156.0
50.99999999999999,81.89198792263137,linear,0.0002884864807128,26123.0
30.0,83.2814813478977,linear,0.0002989768981933,0.0
31.999999999999996,80.72302631950305,linear,0.0003168582916259,0.0
34.0,78.34279247924151,linear,0.0003087520599365,38086.0
35.0,76.23886099957016,linear,0.0003025531768798,0.0
31.999999999999996,74.40327870418123,linear,0.0003023147583007,0.0
38.0,72.18626626267705,linear,0.000303030014038,0.0
36.00000000000001,73.1399194055204,linear,0.0002915859222412,0.0
31.0,73.60805126223227,linear,0.0003159046173095,0.0
22.999999999999996,73.23492446271048,linear,0.0003285408020019,39856.0
22.0,71.77488302676528,linear,0.0003156661987304,29480.0
31.0,70.57456610454565,linear,0.0003163814544677,26062.0
22.999999999999996,69.79882443490736,linear,0.0003454685211181,26733.0
20.000000000000004,68.27523205194602,linear,0.0002899169921875,31006.0
25.0,66.96866047792777,linear,0.0002913475036621,0.0
16.0,67.20409517859777,linear,0.000288963317871,30700.0
22.0,66.47110538011046,linear,0.0003128051757812,0.0
13.999999999999991,65.43884756138364,linear,0.0002875328063964,0.0
28.000000000000007,64.35331719197916,linear,0.0002923011779785,0.0
22.0,65.3467114435748,linear,0.0002899169921875,0.0
29.000000000000004,64.99695708044942,linear,0.0002996921539306,0.0
11.999999999999998,66.54980775820547,linear,0.0002932548522949,28503.0
19.000000000000007,65.30234506136071,linear,0.0003108978271484,26062.0
20.000000000000004,65.87842144213943,linear,0.0003294944763183,34119.0
21.0,64.95039269402226,linear,0.0002965927124023,0.0
19.000000000000007,64.85932491912132,linear,0.0002882480621337,35217.0
13.999999999999991,63.6897378937485,linear,0.0003025531768798,0.0
13.999999999999991,63.88816881606996,linear,0.0002949237823486,32288.0
26.0,63.28765427235931,linear,0.0003337860107421,0.0
12.999999999999996,64.04513526659183,linear,0.0003156661987304,0.0
11.000000000000002,63.08429661520037,linear,0.0002567768096923,0.0
13.999999999999991,62.11930264726095,linear,0.0003767013549804,0.0
16.999999999999996,62.105948604207086,linear,0.0002989768981933,25268.0
16.0,62.482198431955744,linear,0.0003159046173095,24353.0
15.000000000000004,61.33080936355522,linear,0.0003175735473632,0.0
13.999999999999991,61.55767177316708,linear,0.0003037452697753,21362.0
15.000000000000004,61.89449230659572,linear,0.0003113746643066,0.0
6.999999999999999,62.01169535961609,linear,0.0003175735473632,27771.0
18.00000000000001,60.807550160229965,linear,0.0002987384796142,0.0
13.999999999999991,61.07722450598151,linear,0.0002989768981933,30884.0
11.000000000000002,60.96254625120997,linear,0.0003879070281982,0.0
11.999999999999998,60.603309081494416,linear,0.0003294944763183,0.0
20.000000000000004,60.24113049298352,linear,0.0003154277801513,0.0
12.999999999999996,61.79564433084451,linear,0.0002555847167968,0.0
9.000000000000009,61.20465284731923,linear,0.0003182888031005,0.0
11.000000000000002,60.59016183253416,linear,0.0003023147583007,0.0
4.000000000000002,60.57493009859752,linear,0.0003128051757812,0.0
11.999999999999998,59.60923540738416,linear,0.0003104209899902,0.0
10.000000000000004,58.706772429746295,linear,0.0003318786621093,0.0
13.999999999999991,58.362457594144985,linear,0.0003349781036376,0.0
9.000000000000009,58.97337282642153,linear,0.0004518032073974,60547.0
11.000000000000002,58.720636548233166,linear,0.0003190040588378,0.0
13.999999999999991,59.534724617218565,linear,0.0003154277801513,0.0
16.0,59.7816527376158,linear,0.0003244876861572,43823.0
18.00000000000001,60.504169569885576,linear,0.0006129741668701,161071.0
5.000000000000007,60.99051966214436,linear,0.0003278255462646,0.0
16.0,60.46131547085734,linear,0.0003154277801513,25268.0
15.000000000000004,61.06321310338619,linear,0.000307559967041,0.0
11.000000000000002,61.18973242249832,linear,0.0003020763397216,27526.0
9.000000000000009,60.60419562475992,linear,0.000298261642456,0.0
11.999999999999998,59.52972861398551,linear,0.0002989768981933,31006.0
12.999999999999996,60.34689222623489,linear,0.0003058910369873,0.0
15.000000000000004,60.01244500793827,linear,0.0003080368041992,27222.0
15.000000000000004,60.0323291092921,linear,0.0002973079681396,28382.0
16.999999999999996,60.503972802191264,linear,0.0003168582916259,0.0
16.999999999999996,61.446814564194376,linear,0.00034761428833,0.0
16.0,62.03333015787049,linear,0.0003497600555419,0.0
19.000000000000007,62.37901932342107,linear,0.0002918243408203,28625.0
18.00000000000001,62.85643362621816,linear,0.0003025531768798,0.0
37.00000000000001,63.20751703471538,linear,0.0003023147583007,39550.0
18.00000000000001,65.63859792123473,linear,0.0003104209899902,30395.0
16.999999999999996,65.70793269292339,linear,0.0003454685211181,0.0
25.0,65.78451182181267,linear,0.0003538131713867,0.0
18.00000000000001,66.48799134771544,linear,0.0003306865692138,0.0
26.0,66.47938623619224,linear,0.0003468990325927,0.0
26.0,65.236910024068,linear,0.0002977848052978,0.0
39.0,66.179096335823,linear,0.0003168582916259,0.0
30.0,68.8212572538837,linear,0.0004005432128906,0.0
40.99999999999999,69.39158909653523,linear,0.0003097057342529,0.0
35.0,72.11401946741515,linear,0.0003373622894287,39184.0
39.0,73.14369204505289,linear,0.00034761428833,0.0
22.999999999999996,74.67526139655882,linear,0.000328779220581,0.0
31.0,72.72783081978777,linear,0.0003156661987304,39611.0
39.0,72.84392136838872,linear,0.0002925395965576,0.0
29.000000000000004,72.65790515037003,linear,0.0003328323364257,23315.0
28.000000000000007,29.1437505185604,lstm,0.0017833709716796,71717.0
24.000000000000004,27.250020802021016,lstm,0.0016899108886718,51636.0
47.00000000000001,25.078850239515297,lstm,0.0011875629425048,26001.0
29.000000000000004,32.31470823287963,lstm,0.0016348361968994,58654.0
35.0,29.943427741527547,lstm,0.0128736495971679,534056.0
61.0,30.98609179258345,lstm,0.0016889572143554,73364.0
43.0,41.97225987911224,lstm,0.0061686038970947,219360.0
41.99999999999999,42.5230099260807,lstm,0.0020172595977783,66651.0
58.99999999999999,41.2877544760704,lstm,0.0015797615051269,60364.0
50.99999999999999,47.84926772117614,lstm,0.0077941417694091,311340.0
48.99999999999999,48.87678831815719,lstm,0.001657485961914,58227.0
44.0,47.57617130875587,lstm,0.0019276142120361,79589.0
62.0,45.491712093353264,lstm,0.0016508102416992,60302.0
72.00000000000001,51.15724354982376,lstm,0.0011818408966064,25268.0
59.99999999999999,58.26922312378882,lstm,0.0017640590667724,73303.0
52.0,58.67454990744589,lstm,0.001676321029663,61890.0
72.00000000000001,55.72042375802993,lstm,0.0017640590667724,37903.0
58.99999999999999,61.687742620706544,lstm,0.0015730857849121,33325.0
76.99999999999999,59.88090157508849,lstm,0.0016334056854248,62317.0
95.0,65.25759026408194,lstm,0.0059564113616943,223511.0
64.00000000000001,76.50859147310256,lstm,0.0016930103302001,55786.0
56.00000000000001,72.16149806976317,lstm,0.0016953945159912,54627.0
96.0,65.02912625670432,lstm,0.0076422691345214,315124.0
72.00000000000001,76.43636748194693,lstm,0.001551866531372,66711.0
66.0,74.05496180057524,lstm,0.0020699501037597,60425.0
75.99999999999999,69.26785707473753,lstm,0.0016770362854003,65307.0
68.0,71.29888862371443,lstm,0.007594347000122,304687.0
85.99999999999999,69.87150281667708,lstm,0.0016224384307861,61890.0
114.0,74.23189550638197,lstm,0.0016336441040039,59692.0
99.0,89.27076399326323,lstm,0.0017080307006835,57007.0
118.0,93.63041192293166,lstm,0.0016276836395263,70496.0
115.99999999999996,103.289470821619,lstm,0.0016572475433349,58838.0
117.0,109.11812245845792,lstm,0.0016360282897949,60058.0
120.0,112.44698703289028,lstm,0.0017321109771728,62439.0
78.99999999999999,114.5628325641155,lstm,0.001626968383789,56457.0
109.0,100.65204501152036,lstm,0.0016520023345947,66223.0
113.0,102.18508034944531,lstm,0.0016388893127441,65429.0
124.99999999999996,104.98337432742116,lstm,0.0016191005706787,68542.0
123.0,111.53334379196164,lstm,0.001706838607788,70495.0
130.0,114.9934811890125,lstm,0.0015699863433837,61401.0
115.0,121.61799758672711,lstm,0.0016548633575439,62683.0
118.0,118.80736187100408,lstm,0.0016613006591796,49805.0
127.0,117.8839303553104,lstm,0.0016705989837646,60669.0
124.99999999999996,120.25363266468044,lstm,0.0018017292022705,61340.0
131.0,121.15234524011608,lstm,0.0017182826995849,54931.0
146.0,123.7797167897224,lstm,0.0061976909637451,226440.0
131.0,131.93613365292546,lstm,0.0016901493072509,58593.0
124.0,131.32385224103925,lstm,0.0017182826995849,64147.0
140.0,127.7856037020683,lstm,0.0016441345214843,69336.0
136.0,131.69747352600095,lstm,0.0016460418701171,72082.0
129.0,132.47174024581906,lstm,0.0011203289031982,24719.0
132.99999999999997,129.65557202696797,lstm,0.0016889572143554,61890.0
131.0,129.9887457489967,lstm,0.001765489578247,42297.0
129.0,129.7176885604858,lstm,0.0017876625061035,52857.0
163.0,128.09084892272946,lstm,0.0121288299560546,596068.0
144.0,140.34477591514585,lstm,0.0014903545379638,34118.0
157.0,141.33204400539395,lstm,0.0014512538909912,58166.0
156.0,146.75698250532147,lstm,0.0015192031860351,48279.0
153.0,149.94845658540723,lstm,0.0070085525512695,300048.0
174.0,150.90025991201398,lstm,0.0121357440948486,527281.0
149.0,158.14959451556203,lstm,0.0080804824829101,269896.0
157.0,154.05270501971242,lstm,0.0080645084381103,250121.0
120.0,153.90526026487348,lstm,0.0080993175506591,239501.0
128.0,139.6555536985397,lstm,0.007188081741333,197632.0
142.99999999999997,133.5128083825111,lstm,0.0083975791931152,210693.0
163.0,134.41848978400228,lstm,0.0076770782470703,193664.0
166.0,143.8764280080795,lstm,0.0061709880828857,152221.0
147.0,150.91861292719838,lstm,0.0130946636199951,331665.0
141.99999999999997,149.67835694551465,lstm,0.0148162841796875,355102.0
117.0,146.55079036951062,lstm,0.0018174648284912,42053.0
166.0,134.240226149559,lstm,0.0081770420074462,301452.0
154.0,144.19254317879674,lstm,0.001650333404541,53650.0
160.00000000000003,146.04793548583982,lstm,0.0016288757324218,69580.0
153.0,150.37662267684934,lstm,0.0016889572143554,54321.0
174.0,150.69392591714856,lstm,0.0016171932220458,63781.0
138.0,159.9141615629196,lstm,0.0016579627990722,62561.0
162.0,150.05694329738614,lstm,0.001626968383789,71228.0
160.00000000000003,153.34450915455815,lstm,0.0016567707061767,70800.0
165.0,154.4673945009708,lstm,0.0016236305236816,65552.0
168.99999999999997,157.39997580647466,lstm,0.0016770362854003,62378.0
159.0,159.98496696352956,lstm,0.0017578601837158,69885.0
137.0,159.2995926737785,lstm,0.0016922950744628,51269.0
166.0,149.42804664373395,lstm,0.001662254333496,48217.0
170.0,154.19422715902326,lstm,0.0077960491180419,309875.0
168.99999999999997,158.6278013885021,lstm,0.0016076564788818,59875.0
184.0,160.97831726074216,lstm,0.0017123222351074,66956.0
121.0,168.65251973271367,lstm,0.0016615390777587,63660.0
141.0,150.4139848053455,lstm,0.0057728290557861,187377.0
166.0,144.98895764350888,lstm,0.001723289489746,48889.0
151.00000000000003,150.87007939815518,lstm,0.001702070236206,41321.0
171.0,149.03530985116956,lstm,0.0020031929016113,72754.0
147.0,154.9692918360233,lstm,0.0081548690795898,267394.0
173.0,152.21015095710752,lstm,0.0012450218200683,23742.0
154.0,159.49901103973386,lstm,0.0060887336730957,180175.0
124.0,155.9109345078468,lstm,0.0018122196197509,52673.0
140.0,142.70187050104138,lstm,0.0017662048339843,84839.0
176.0,139.98916538409645,linear,0.0003185272216796,0.0
155.0,143.57300106066492,linear,0.0003066062927246,0.0
140.0,141.5182107291813,linear,0.0003116130828857,26855.0
140.0,139.78820511778744,linear,0.0005269050598144,30151.0
133.99999999999997,141.55231312250493,linear,0.0003695487976074,21728.0
144.0,140.80528945401386,linear,0.000349998474121,26062.0
155.0,137.13156763740577,linear,0.0004236698150634,0.0
140.0,137.21798235193228,linear,0.000361680984497,0.0
130.0,137.186895534735,linear,0.000943899154663,22216.0
150.0,135.9330932372204,linear,0.0008399486541748,64698.0
155.0,137.84411787364755,linear,0.0005302429199218,0.0
158.0,139.20544985908109,linear,0.0005953311920166,21362.0
119.0,139.62118166420248,linear,0.0005578994750976,28137.0
145.0,136.97376109484497,linear,0.0003690719604492,0.0
142.99999999999997,138.7355191094862,linear,0.0003511905670166,0.0
114.0,137.93740124873742,linear,0.0003211498260498,24598.0
122.0,133.05864294701738,linear,0.0003101825714111,0.0
114.0,128.81674192658517,linear,0.00030517578125,0.0
159.0,128.17375106632596,linear,0.000314712524414,0.0
124.99999999999996,130.04857336217634,linear,0.0003087520599365,0.0
124.0,127.90149961465364,linear,0.0003063678741455,0.0
123.0,129.01501513653375,linear,0.0003116130828857,0.0
104.0,129.05594404559452,linear,0.0003077983856201,0.0
112.0,127.79311029225464,linear,0.0002996921539306,0.0
122.0,122.31742891949558,linear,0.0002884864807128,0.0
141.99999999999997,122.02359880994923,linear,0.0002939701080322,0.0
99.0,124.27808254048134,linear,0.0003008842468261,0.0
127.0,121.32777868854592,linear,0.0003015995025634,0.0
113.0,124.04081662022816,linear,0.0003013610839843,0.0
117.0,124.0987316653696,linear,0.0003235340118408,0.0
154.0,123.55060282551706,linear,0.0003321170806884,0.0
137.0,125.13641930546726,linear,0.0003163814544677,0.0
129.0,129.58552981650456,linear,0.0003046989440917,0.0
109.0,129.77128270413533,linear,0.000303030014038,27587.0
124.99999999999996,129.12937894637886,linear,0.0003001689910888,0.0
104.0,130.07512542280952,linear,0.0002994537353515,37963.0
155.0,124.17658001453992,linear,0.0002946853637695,0.0
123.0,126.51591402131956,linear,0.0002975463867187,25451.0
110.0,125.77086294478735,linear,0.0002589225769042,0.0
136.0,125.79148149615156,linear,0.0002994537353515,0.0
132.99999999999997,127.10748300303628,linear,0.0003089904785156,0.0
137.0,130.53389654075298,linear,0.0003244876861572,0.0
120.0,128.50078300284468,linear,0.0002574920654296,0.0
90.0,128.05685358693023,linear,0.0002353191375732,0.0
96.0,125.51547948285254,linear,0.0003049373626708,0.0
91.5,120.77837691802851,linear,0.0003085136413574,0.0
98.29999999999998,115.9142206390627,linear,0.0003042221069335,34241.0
130.59999999999997,111.46341409593592,linear,0.0002999305725097,0.0
130.59999999999997,112.8908335455744,linear,0.0003507137298583,0.0
98.29999999999998,117.7237447028334,linear,0.0003185272216796,0.0
122.1,117.85527148715944,linear,0.0003230571746826,0.0
60.900000000000006,121.4248728890542,linear,0.0003159046173095,28015.0
120.39999999999998,116.76608391284466,linear,0.0003461837768554,0.0
47.30000000000001,115.76152443893602,linear,0.0003139972686767,0.0
93.2,105.77380681084648,linear,0.0003144741058349,0.0
69.4,105.30842103830388,linear,0.0003204345703125,0.0
74.5,99.07771915986224,linear,0.0003213882446289,0.0
89.79999999999998,100.69935822757262,linear,0.0002622604370117,0.0
55.8,97.19970121345249,linear,0.0003333091735839,0.0
21.8,98.06016791354703,linear,0.000241994857788,0.0
54.1,89.48703655621337,linear,0.0003232955932617,0.0
62.6,87.72349400076409,linear,0.0003106594085693,0.0
48.99999999999999,86.45615977273799,linear,0.0003032684326171,0.0
76.19999999999999,81.73093373847979,linear,0.000298261642456,28320.0
55.8,84.21097739410686,linear,0.0003192424774169,0.0
89.79999999999998,88.1097918698071,linear,0.0003137588500976,29907.0
55.8,92.42491480375485,linear,0.0003070831298828,29541.0
59.19999999999999,91.51644695444428,linear,0.0003080368041992,28686.0
57.5,92.6650848558163,linear,0.000303030014038,22400.0
57.5,90.4330691073174,linear,0.0003087520599365,0.0
55.8,90.64056601562991,linear,0.0003125667572021,0.0
69.4,86.68005031921068,linear,0.0003554821014404,0.0
23.500000000000007,88.3308254021769,linear,0.0003066062927246,0.0
16.700000000000006,83.96900370658604,linear,0.0003061294555664,0.0
15.000000000000004,79.06227102903013,linear,0.0003054141998291,0.0
40.49999999999999,74.02130572091642,linear,0.0003066062927246,30395.0
37.1,72.38766453160756,linear,0.000309944152832,0.0
45.60000000000001,68.70302953923324,linear,0.0003139972686767,0.0
18.399999999999995,71.3451828659888,linear,0.0003464221954345,0.0
31.999999999999996,71.40366925263082,linear,0.0003387928009033,0.0
28.599999999999984,73.37776398680074,linear,0.000241994857788,0.0
11.599999999999996,71.97792422003799,linear,0.0002446174621582,0.0
13.3,68.93923306332371,linear,0.0002985000610351,0.0
4.799999999999997,65.13290251512302,linear,0.0003004074096679,0.0
-10.500000000000004,63.48651774231489,linear,0.0003013610839843,0.0
9.899999999999991,58.44541742072871,linear,0.000312328338623,0.0
4.799999999999997,56.32542600348861,linear,0.0002620220184326,0.0
4.799999999999997,55.5542496098148,linear,0.0002551078796386,0.0
6.500000000000001,54.58650965760308,linear,0.0003137588500976,0.0
-3.7000000000000046,54.77932358883822,linear,0.0003049373626708,0.0
-15.599999999999998,55.51825378228094,linear,0.0003299713134765,23010.0
6.500000000000001,52.459062635496046,linear,0.0003359317779541,0.0
6.500000000000001,52.72575337153389,linear,0.0003235340118408,0.0
-7.100000000000004,52.98167577582811,linear,0.0003111362457275,18005.0
-17.3,51.36337454050815,linear,0.0003299713134765,0.0
-15.599999999999998,49.674521049737706,linear,0.0003345012664794,0.0
-20.700000000000003,49.62929547374872,linear,0.0003726482391357,0.0
-36.0,46.43688527007187,linear,0.0003285408020019,0.0
-20.700000000000003,41.404997652062,linear,0.0006027221679687,0.0
-3.7000000000000046,-28.573405668139465,lstm,0.0096161365509033,258971.0
-13.900000000000002,-20.84297381341458,lstm,0.0018467903137207,56213.0
-8.800000000000008,-19.4761884212494,lstm,0.0018208026885986,44616.0
-13.900000000000002,-16.535937860608108,lstm,0.01090669631958,360900.0
-19.000000000000007,-16.011582463979728,lstm,0.0041871070861816,65979.0
-17.3,-18.494488298892986,lstm,0.0014278888702392,21240.0
-19.000000000000007,-20.28223156929017,lstm,0.0019395351409912,38024.0
-24.1,-21.63141757249833,lstm,0.0017638206481933,51514.0
-17.3,-24.73763436079026,lstm,0.0020759105682373,60852.0
-19.000000000000007,-23.93347971141339,lstm,0.0085532665252685,258910.0
-22.399999999999995,-23.71910408139229,lstm,0.0065455436706542,217345.0
-12.200000000000006,-24.996456205844886,lstm,0.001610517501831,31310.0
-44.49999999999999,-21.79891765117646,lstm,0.0052120685577392,113830.0
-32.6,-32.04913869500161,lstm,0.0022621154785156,38635.0
-41.10000000000001,-34.97505262494088,lstm,0.002120018005371,47364.0
-49.6,-39.965405911207206,lstm,0.0017714500427246,44433.0
-17.3,-46.488386690616615,lstm,0.0018026828765869,48890.0
-39.40000000000001,-38.527637794613845,lstm,0.0017733573913574,44373.0
-37.7,-39.944987073540695,lstm,0.0017676353454589,53894.0
-53.0,-41.10620982944966,lstm,0.0017659664154052,51148.0
-49.6,-47.60159015655518,lstm,0.0018014907836914,46692.0
-41.10000000000001,-50.50883188843728,lstm,0.0019583702087402,46997.0
-58.1,-50.33204004168511,lstm,0.0019068717956542,44189.0
-56.4,-55.6580362841487,lstm,0.0018887519836425,40772.0
-56.4,-58.854320272803314,lstm,0.0018422603607177,40405.0
-49.6,-60.28562050312758,lstm,0.0019483566284179,43457.0
-46.2,-58.64489641040564,lstm,0.0122153759002685,307494.0
-51.3,-56.36748671531678,lstm,0.0018680095672607,21484.0
-59.8,-56.07029642909766,lstm,0.001878023147583,42725.0
-58.1,-59.45485398173333,lstm,0.0019168853759765,44983.0
-56.4,-61.244800500571735,lstm,0.0019593238830566,46204.0
-59.8,-62.000027075409896,lstm,0.0018281936645507,37720.0
-56.4,-63.86714048683643,lstm,0.001957893371582,43091.0
-54.7,-63.55772815644741,lstm,0.0018930435180664,44861.0
-41.10000000000001,-62.24692832678557,lstm,0.0018718242645263,40222.0
-41.10000000000001,-56.052431054413326,lstm,0.0142078399658203,350524.0
-58.1,-51.77924621850253,lstm,0.0081846714019775,193726.0
-61.5,-55.57952173054219,lstm,0.0019211769104003,32775.0
-56.4,-60.01189902424813,lstm,0.0017242431640625,37476.0
-49.6,-61.12936269491912,lstm,0.001920461654663,38818.0
-58.1,-59.57676853984595,lstm,0.0018620491027832,39368.0
-59.8,-61.63721811026336,lstm,0.0018315315246582,22033.0
-53.0,-63.10030806809664,lstm,0.0020337104797363,47058.0
-54.7,-61.33097544312478,lstm,0.0019276142120361,37170.0
-39.40000000000001,-60.906045511364944,lstm,0.0020678043365478,38757.0
-63.2,-54.87590081989766,lstm,0.0090415477752685,216003.0
-51.3,-59.63038239628077,lstm,0.0019221305847167,44433.0
-54.7,-58.540324121713645,lstm,0.0019247531890869,42541.0
-44.49999999999999,-59.27507422864438,lstm,0.0019068717956542,43518.0
-51.3,-55.68727254867554,lstm,0.0019097328186035,39184.0
-54.7,-56.41003999859095,lstm,0.0126619338989257,327026.0
-39.40000000000001,-57.3659971356392,lstm,0.008509874343872,214416.0
-61.5,-52.59882360696793,lstm,0.0019905567169189,45776.0
-54.7,-57.72389423102141,lstm,0.0012829303741455,37719.0
-46.2,-59.28817845880986,lstm,0.0013501644134521,20813.0
-47.900000000000006,-56.56547762453557,lstm,0.006326675415039,169006.0
-37.7,-55.07655158638955,lstm,0.0018982887268066,41565.0
-37.7,-50.7137118279934,lstm,0.0019316673278808,32959.0
-34.300000000000004,-46.74648150801659,lstm,0.0136256217956542,320495.0
-30.9,-43.15985903143884,lstm,0.0060672760009765,130920.0
-30.9,-39.83012557029725,lstm,0.0019912719726562,46936.0
-27.5,-37.5668352842331,lstm,0.0019383430480957,31617.0
-8.800000000000008,-35.22144407033921,lstm,0.0127074718475341,289306.0
-42.8,-26.26500420272351,lstm,0.001490831375122,22949.0
31.999999999999996,-33.64362560212613,lstm,0.0021805763244628,45410.0
-13.900000000000002,-9.709281176328666,lstm,0.0019662380218505,22278.0
-17.3,-10.978307947516448,lstm,0.0019755363464355,40893.0
-20.700000000000003,-14.070737808942802,lstm,0.0023660659790039,43091.0
-22.399999999999995,-18.51178623735905,lstm,0.0150704383850097,380614.0
-10.500000000000004,-20.76593548059464,lstm,0.0061573982238769,135253.0
9.899999999999991,-20.732119828462608,lstm,0.0019381046295166,36560.0
4.799999999999997,-10.293350368738182,lstm,0.0019497871398925,40649.0
20.1,-4.958421438932426,lstm,0.0019605159759521,42541.0
40.49999999999999,4.57037538290023,lstm,0.0019683837890625,39001.0
25.20000000000001,19.02226656675338,lstm,0.0018835067749023,53284.0
50.7,22.089596241712563,lstm,0.0127358436584472,274535.0
37.1,32.972934246063225,lstm,0.002199649810791,26428.0
52.399999999999984,35.13156801462173,lstm,0.0021486282348632,43579.0
31.999999999999996,41.67699798941612,lstm,0.0081808567047119,161132.0
23.500000000000007,37.16715678572654,lstm,0.0020458698272705,28443.0
69.4,31.259099543094624,lstm,0.0019736289978027,58716.0
57.5,44.21459048986434,lstm,0.0020174980163574,43762.0
88.1,49.17719259858131,lstm,0.0020291805267333,41443.0
79.6,63.73166561126708,lstm,0.0013303756713867,38940.0
77.9,70.93961283564566,lstm,0.0013704299926757,20569.0
69.4,75.1057295501232,lstm,0.0013678073883056,30151.0
94.9,72.4073752760887,lstm,0.0020442008972167,41993.0
123.79999999999998,81.00878626108168,lstm,0.0097343921661376,189087.0
122.1,96.81025356054305,lstm,0.0068693161010742,119934.0
135.69999999999996,106.9864064455032,lstm,0.0071783065795898,123840.0
77.9,118.85259717702864,lstm,0.006603717803955,105285.0
164.59999999999997,104.41005095839498,lstm,0.0067367553710937,109863.0
173.1,127.22439154982564,lstm,0.005366563796997,74280.0
156.10000000000002,144.38320174813268,lstm,0.007441759109497,111877.0
225.8,148.98711323738095,lstm,0.0024499893188476,45654.0
123.79999999999998,178.0302011966705,lstm,0.0093080997467041,179443.0
247.9,152.47621719359813,linear,0.0004439353942871,0.0
234.3,162.62207102358363,linear,0.0004501342773437,10742.0
304.0,169.8853959354939,linear,0.0003819465637207,0.0
298.9,187.62737119304887,linear,0.000389814376831,0.0
128.89999999999998,196.2577728903974,linear,0.0004158020019531,15747.0
241.1,195.981250008874,linear,0.0004503726959228,0.0
237.7,195.23123527156855,linear,0.000429630279541,18250.0
239.4,195.72136003914088,linear,0.0004205703735351,0.0
181.6,188.44499234666256,linear,0.000516653060913,0.0
230.9,174.4652543476121,linear,0.0004098415374755,15686.0
210.5,186.3971869115666,linear,0.0004105567932128,18005.0
246.2,182.80423033694143,linear,0.000378131866455,0.0
198.6,184.01886860687875,linear,0.00067138671875,0.0
236.0,179.0849421174102,linear,0.0003728866577148,0.0
220.7,185.51481273788448,linear,0.0003771781921386,0.0
171.4,184.28448256054207,linear,0.0003752708435058,0.0
254.7,179.48718536408202,linear,0.0003666877746582,0.0
200.3,180.746356209338,linear,0.0003726482391357,0.0
145.89999999999998,180.84233338674483,linear,0.0003890991210937,19226.0
133.99999999999997,170.03597729696034,linear,0.0003738403320312,0.0
140.79999999999995,159.6125045261298,linear,0.0003788471221923,14038.0
137.39999999999998,155.9923398085098,linear,0.0003638267517089,0.0
149.29999999999998,142.37650836197878,linear,0.0003550052642822,0.0
115.29999999999998,136.5258777984305,linear,0.0003676414489746,0.0
188.4,132.81314387693533,linear,0.0003960132598876,23682.0
111.9,139.44871074663394,linear,0.000361680984497,0.0
137.39999999999998,135.8480439078226,linear,0.000354528427124,0.0
123.79999999999998,135.86027551632617,linear,0.0003595352172851,23315.0
169.7,132.7676897748553,linear,0.0003566741943359,20691.0
176.5,139.36081130965985,linear,0.0003750324249267,24902.0
149.29999999999998,138.14194163124793,linear,0.0003845691680908,0.0
88.1,142.42715177943109,linear,0.0003819465637207,0.0
168.0,136.2625876323828,linear,0.0003597736358642,0.0
106.79999999999998,141.5987014277891,linear,0.000309944152832,0.0
142.49999999999997,134.13056538037992,linear,0.0003702640533447,20325.0
122.1,130.32322523316725,linear,0.0003585815429687,0.0
164.59999999999997,127.05011187508802,linear,0.0003674030303955,0.0
127.2,136.1778979589428,linear,0.0003597736358642,0.0
217.3,131.32863105414725,linear,0.0003755092620849,0.0
157.8,144.6142987021033,linear,0.0003526210784912,0.0
154.39999999999998,146.2832031622319,linear,0.0003690719604492,19959.0
133.99999999999997,149.96541030132323,linear,0.0003697872161865,0.0
151.00000000000003,146.1667170495267,linear,0.0003588199615478,0.0
166.29999999999995,148.9713787873667,linear,0.0004010200500488,0.0
120.39999999999998,143.1636062111154,linear,0.0003778934478759,20752.0
168.0,138.64512766956128,linear,0.0003740787506103,0.0
144.19999999999996,140.3588242176575,linear,0.0004458427429199,20385.0
161.19999999999996,141.49163567133124,linear,0.0003988742828369,0.0
152.70000000000002,142.7800873855022,linear,0.0003671646118164,23560.0
178.2,141.15837681237934,linear,0.0003628730773925,0.0
191.8,148.01823544229734,linear,0.0003561973571777,11353.0
159.49999999999997,150.92495198936157,linear,0.0003535747528076,14160.0
145.89999999999998,152.60535968388538,linear,0.0003743171691894,0.0
173.1,150.6573828382917,linear,0.0003683567047119,22460.0
110.2,153.08065441169842,linear,0.0004322528839111,22461.0
140.79999999999995,144.90981200327812,linear,0.0004003047943115,0.0
159.49999999999997,138.99864472676254,linear,0.0004477500915527,0.0
159.49999999999997,139.10155053729554,linear,0.0004158020019531,14160.0
166.29999999999995,140.80927845077272,linear,0.0004303455352783,0.0
195.2,140.07750787070017,linear,0.0005974769592285,9582.0
110.2,150.12607109528167,linear,0.0008995532989501,12756.0
181.6,146.19891764639675,linear,0.0007996559143066,11230.0
193.5,148.92795762140724,linear,0.0006651878356933,8911.0
166.29999999999995,153.04109499908466,linear,0.0006883144378662,7629.0
183.3,153.0627044425625,linear,0.0007388591766357,7813.0
188.4,151.6828467023804,linear,0.0007965564727783,8179.0
181.6,160.80155365776872,linear,0.0007402896881103,39978.0
144.19999999999996,160.81458527879778,linear,0.000493049621582,13855.0
171.4,154.85917619579774,linear,0.0006968975067138,14038.0
117.0,155.46865799599993,linear,0.0005226135253906,8240.0
88.1,147.4988641724761,linear,0.0018949508666992,18677.0
132.29999999999998,135.56298735383984,linear,0.0016407966613769,19348.0
135.69999999999996,129.90161075936584,linear,0.0015790462493896,20508.0
217.3,129.05394390919275,linear,0.0018692016601562,17395.0
173.1,134.93296151296042,linear,0.0017368793487548,16907.0
190.1,141.45892185318996,linear,0.0019412040710449,17273.0
217.3,153.37370752735353,linear,0.0016632080078125,12451.0
147.59999999999997,163.3592407707423,linear,0.001857042312622,18860.0
161.19999999999996,164.47650740041902,linear,0.0016405582427978,12390.0
208.8,157.84479402507358,linear,0.0016648769378662,16052.0
152.70000000000002,162.1888739841203,linear,0.0016725063323974,15381.0
96.6,157.73039153502532,linear,0.0016846656799316,17273.0
266.6,143.28189289328944,linear,0.0018670558929443,16174.0
149.29999999999998,157.77212106395777,linear,0.0018143653869628,18066.0
210.5,156.22415658818122,linear,0.0019545555114746,19898.0
237.7,156.65551663719967,linear,0.0017507076263427,17883.0
224.1,166.64866822727095,linear,0.0005943775177001,13184.0
230.9,181.594770202508,linear,0.00169038772583,21485.0
220.7,177.46605726089004,linear,0.0007944107055664,18981.0
237.7,185.6907827529101,linear,0.0015869140625,18860.0
227.5,188.92551475157111,linear,0.0016825199127197,20508.0
193.5,187.72246449154085,linear,0.0008869171142578,25695.0
212.2,183.97267717019423,linear,0.0016086101531982,21850.0
247.9,181.7733740661786,linear,0.0010840892791748,8118.0
135.69999999999996,185.14666107599916,linear,0.0006349086761474,0.0
171.4,172.82779863912185,linear,0.0007858276367187,11902.0
237.7,166.1921371950398,linear,0.000734806060791,10437.0
249.6,171.63472256719726,linear,0.0017437934875488,21728.0
168.0,176.3546860175712,linear,0.0016202926635742,16663.0
193.5,166.7468375504028,linear,0.001688003540039,16113.0
241.1,173.32723651404962,linear,0.000955581665039,12268.0
147.59999999999997,181.64469808497367,linear,0.0007209777832031,8240.0
220.7,170.87817271602498,linear,0.0006117820739746,0.0
236.0,167.6905515464115,linear,0.0007495880126953,8790.0
171.4,175.75696886275674,linear,0.0007388591766357,10498.0
220.7,173.0176574271261,linear,0.0005509853363037,9461.0
181.6,170.71398304610972,linear,0.0007376670837402,8362.0
215.6,174.50017572507844,linear,0.0016546249389648,19287.0
190.1,174.06610173732213,linear,0.0015995502471923,21851.0
244.5,168.6308994167748,linear,0.00166916847229,15625.0
244.5,177.40487528501183,linear,0.0018918514251708,23316.0
217.3,180.299498480514,linear,0.0016741752624511,7691.0
247.9,184.3814332506711,linear,0.0016465187072753,17273.0
168.0,205.79761133010777,linear,0.0016970634460449,24292.0
227.5,203.47456867792212,linear,0.0015020370483398,18127.0
203.7,201.8338151791391,linear,0.001511812210083,20202.0
198.6,197.9098902868704,linear,0.0015678405761718,19653.0
191.8,196.07758435135173,linear,0.0016419887542724,24902.0
222.4,190.6526560702315,linear,0.0015726089477539,19531.0
183.3,195.93128699516848,linear,0.0013604164123535,8850.0
200.3,191.64014562900093,linear,0.0016090869903564,15381.0
-70.0,191.29780268770247,linear,0.0014126300811767,8728.0
198.6,164.68104462857158,linear,0.0015015602111816,16785.0
196.9,165.41469346540828,linear,0.0015017986297607,17456.0
185.0,163.3311321466249,linear,0.0014328956604003,13855.0
183.3,163.7033571801017,linear,0.0014376640319824,14832.0
179.9,162.16742029117862,linear,0.0016324520111083,17456.0
166.29999999999995,186.1239253712001,linear,0.0029478073120117,31006.0
152.70000000000002,182.9629565991227,linear,0.0015668869018554,16358.0
224.1,178.63379729388288,linear,0.0014383792877197,7690.0
140.79999999999995,182.54927331012465,linear,0.0007300376892089,44861.0
171.4,178.3843054636336,linear,0.0014803409576416,16418.0
166.29999999999995,177.52635635149164,linear,0.0006248950958251,0.0
147.59999999999997,177.51212966632576,linear,0.0006072521209716,7386.0
162.9,176.95202472636856,linear,0.0014476776123046,15625.0
103.4,171.08027824372107,linear,0.0013813972473144,14465.0
122.1,167.31859306445668,linear,0.0014305114746093,8911.0
94.9,162.48988318992895,linear,0.0013701915740966,7935.0
96.6,155.52534229753616,linear,0.0015895366668701,17150.0
72.79999999999998,150.55524813402533,linear,0.0014193058013916,8178.0
111.9,141.80696061270723,linear,0.0014090538024902,7935.0
115.29999999999998,142.66615030586428,linear,0.0013449192047119,15930.0
128.89999999999998,142.09982120083663,linear,0.0013589859008789,18372.0
59.19999999999999,145.459882086638,linear,0.0015268325805664,15869.0
144.19999999999996,141.71633624222227,linear,0.001380443572998,15076.0
21.8,148.66047286883278,linear,0.0013942718505859,14648.0
98.29999999999998,139.77552066561526,linear,0.0014793872833251,7019.0
101.7,138.12551451943204,linear,0.0014224052429199,10498.0
106.79999999999998,135.6053930286858,linear,0.001441478729248,15625.0
64.29999999999998,95.16766756772994,lstm,0.0106134414672851,94238.0
66.0,80.52348643541335,lstm,0.0190865993499755,189513.0
105.1,76.4623276889324,lstm,0.0337774753570556,336181.0
76.19999999999999,85.68516999483107,lstm,0.0132460594177246,113952.0
76.19999999999999,80.65431594848631,lstm,0.0289981365203857,273498.0
79.6,77.05396860837935,lstm,0.0172066688537597,140319.0
60.900000000000006,77.80899569392203,lstm,0.0103125572204589,97350.0
77.9,70.8942002058029,lstm,0.0302910804748535,270324.0
47.30000000000001,71.20808109641074,lstm,0.0085155963897705,82397.0
84.69999999999999,60.86535021662711,lstm,0.012073278427124,118591.0
30.300000000000004,68.51947963237761,lstm,0.0173332691192626,150513.0
47.30000000000001,52.41755485534667,lstm,0.0114781856536865,79407.0
28.599999999999984,48.86455297470092,lstm,0.0089888572692871,73609.0
54.1,38.58502030372619,lstm,0.0182898044586181,162780.0
37.1,43.08095932006835,lstm,0.0104942321777343,71105.0
47.30000000000001,38.10631692409515,lstm,0.0085508823394775,70618.0
26.9,41.11351609230041,lstm,0.0172796249389648,179443.0
57.5,34.39932703971862,lstm,0.0154745578765869,146484.0
43.9,42.60078415274619,lstm,0.0093486309051513,88806.0
30.300000000000004,41.86678767204284,lstm,0.0058505535125732,52185.0
21.8,36.66733413934707,lstm,0.0119185447692871,103211.0
6.500000000000001,29.268852472305287,lstm,0.0157530307769775,126709.0
20.1,19.13720786571502,lstm,0.0086269378662109,70862.0
6.500000000000001,16.33331045508384,lstm,0.0157985687255859,135315.0
9.899999999999991,10.045336931943886,lstm,0.0205111503601074,148742.0
30.300000000000004,7.7850788831710735,lstm,0.0154576301574707,115417.0
1.39999999999999,14.813131093978871,lstm,0.013467788696289,125915.0
-12.200000000000006,9.000474065542214,lstm,0.0130484104156494,107849.0
4.799999999999997,-1.1656422913074564,lstm,0.0168509483337402,146240.0
3.099999999999994,-0.8369725942611767,lstm,0.0162470340728759,137451.0
-25.800000000000004,-1.14090561866761,lstm,0.0150473117828369,145508.0
-3.7000000000000046,-13.486810475587852,lstm,0.0080313682556152,57311.0
11.599999999999996,-12.056693881750114,lstm,0.0189301967620849,156249.0
-15.599999999999998,-4.142723008990295,lstm,0.022698163986206,187560.0
-3.7000000000000046,-10.073459967970855,lstm,0.0069422721862792,57740.0
-12.200000000000006,-9.611105844378478,lstm,0.0213809013366699,216674.0
-19.000000000000007,-11.332725062966354,lstm,0.018444538116455,160706.0
-13.900000000000002,-16.236216276884086,lstm,0.0173757076263427,162353.0
-10.500000000000004,-18.171617090702064,lstm,0.0048272609710693,88684.0
-20.700000000000003,-16.78969711065293,lstm,0.0216329097747802,184081.0
-19.000000000000007,-20.31128607690335,lstm,0.0166497230529785,136962.0
-8.800000000000008,-21.738698482513435,lstm,0.019209861755371,171936.0
-3.7000000000000046,-18.347965627908717,lstm,0.0113451480865478,91125.0
-25.800000000000004,-14.123642370104797,lstm,0.0188114643096923,159484.0
-8.800000000000008,-20.10584756731988,lstm,0.0208780765533447,184875.0
-17.3,-17.313139289617546,lstm,0.0153398513793945,125000.0
-25.800000000000004,-18.680660575628288,lstm,0.0127856731414794,122253.0
-41.10000000000001,-23.465087711811076,lstm,0.0090510845184326,68664.0
-34.300000000000004,-32.985142469406135,lstm,0.016467809677124,131104.0
-19.000000000000007,-35.88632859289647,lstm,0.026585578918457,199707.0
-25.800000000000004,-32.29363277554513,lstm,0.0091643333435058,67932.0
-34.300000000000004,-31.80984020233155,lstm,0.0077333450317382,60547.0
-49.6,-34.55884702503682,lstm,0.0182371139526367,132019.0
-34.300000000000004,-41.9825441390276,lstm,0.0164811611175537,123657.0
-32.6,-41.4754068851471,lstm,0.0165636539459228,127808.0
-41.10000000000001,-40.76345175504685,lstm,0.0152552127838134,136718.0
-34.300000000000004,75.3755344960917,linear,0.0014574527740478,11353.0
-37.7,75.38309278695213,linear,0.0016934871673583,20935.0
-34.300000000000004,76.522532552314,linear,0.0013651847839355,7752.0
-37.7,76.52905872149135,linear,0.0014913082122802,17578.0
-34.300000000000004,76.03699479258437,linear,0.0004854202270507,6469.0
-34.300000000000004,76.69399050649301,linear,0.0014169216156005,6469.0
-37.7,76.70032626933668,linear,0.0013918876647949,7446.0
-58.1,76.69296544723049,linear,0.0004823207855224,5493.0
-46.2,74.3371574194811,linear,0.0016376972198486,22461.0
-54.7,73.49604238602967,linear,0.0013940334320068,7690.0
-47.900000000000006,71.51338834622796,linear,0.0015373229980468,18371.0
-47.900000000000006,70.2119130353866,linear,0.0016181468963623,18432.0
-54.7,69.2455481475015,linear,0.0015089511871337,15564.0
-41.10000000000001,69.55635204641382,linear,0.0016102790832519,18128.0
-56.4,70.07255266869532,linear,0.0015840530395507,19104.0
-30.9,69.89014413072589,linear,0.0014376640319824,16052.0
-49.6,71.57456603124778,linear,0.0016019344329833,9583.0
-53.0,71.40957465725221,linear,0.0014979839324951,14893.0
-53.0,71.5389537036556,linear,0.0015699863433837,7324.0
-46.2,70.37301401786898,linear,0.0015974044799804,14039.0
-53.0,71.35882059534352,linear,0.0009546279907226,7812.0
-54.7,69.23347980081425,linear,0.0014867782592773,18005.0
-61.5,68.72941638400339,linear,0.0014960765838623,9338.0
-56.4,67.88121437771431,linear,0.0014286041259765,17273.0
-58.1,67.54566855216191,linear,0.0014388561248779,8423.0
-54.7,66.40159338109892,linear,0.0014092922210693,7812.0
-58.1,66.24809085744789,linear,0.0013773441314697,7995.0
-59.8,65.92081568161375,linear,0.0013449192047119,8911.0
-54.7,66.07327150852028,linear,0.0014135837554931,8301.0
-47.900000000000006,66.24434143450794,linear,0.0015454292297363,16418.0
-58.1,67.25469642529583,linear,0.0014591217041015,12940.0
-44.49999999999999,66.92221972573826,linear,0.0005102157592773,7385.0
-53.0,68.25385463019963,linear,0.0005013942718505,6775.0
-58.1,68.90707017609039,linear,0.0013585090637207,15502.0
-51.3,68.55553159807287,linear,0.0014441013336181,14221.0
-49.6,68.23059055035593,linear,0.0014350414276123,19227.0
-54.7,69.05916887298697,linear,0.0013666152954101,14099.0
-46.2,68.07616803876923,linear,0.0015673637390136,20568.0
-49.6,68.74696731011659,linear,0.0013587474822998,9094.0
-47.900000000000006,69.56969355561922,linear,0.0013644695281982,16296.0
-42.8,69.90153527837107,linear,0.0013954639434814,14160.0
-47.900000000000006,70.57431786372554,linear,0.0013844966888427,19471.0
-44.49999999999999,71.22629114527955,linear,0.0014302730560302,13794.0
-39.40000000000001,71.39399967651862,linear,0.0014460086822509,18860.0
-44.49999999999999,72.39374047566817,linear,0.0015394687652587,13794.0
-46.2,72.72091278754438,linear,0.0015347003936767,16968.0
-39.40000000000001,72.38408143178131,linear,0.0015287399291992,18738.0
-42.8,73.21161806582293,linear,0.0015544891357421,9094.0
-15.599999999999998,73.37824710097408,linear,0.0015943050384521,15869.0
-44.49999999999999,75.74681198941765,linear,0.0014634132385253,16235.0
-20.700000000000003,75.73188977854802,linear,0.0014107227325439,17151.0
-0.2999999999999972,78.21035496282776,linear,0.0014002323150634,15808.0
-12.200000000000006,82.06585344715373,linear,0.0004823207855224,0.0
-3.7000000000000046,85.04329206485102,linear,0.0015716552734375,14953.0
-22.399999999999995,86.22037449791034,linear,0.0013885498046875,7629.0
-12.200000000000006,88.3009245508726,linear,0.001380443572998,7080.0
1.39999999999999,89.10240798205055,linear,0.0014383792877197,7873.0
16.700000000000006,89.31362603747017,linear,0.001500129699707,18433.0
-3.7000000000000046,92.17871663661856,linear,0.0015039443969726,20630.0
30.300000000000004,92.18317000615131,linear,0.0014874935150146,7080.0
16.700000000000006,97.31967378328002,linear,0.0013904571533203,13794.0
42.20000000000002,100.12532706941862,linear,0.001392126083374,15564.0
